,user_id,name,gender,address,date_of_birth,email_address,height_cm,weight_kg,account_create_date,bike_serial,email,number_of_visit,first_purchase_date,original_source
52,52,Dominic Jones,male,"Studio 94, Bethan spur, South Lindsey, PE19 1AF",25/07/1986,d*******jo@yahoo.com,183,77,01/12/2021,SN0052,d*******jo@yahoo.com,24,22/12/2020,direct
60,60,Colin Singh,male,"5 Harriet islands, East Sheilaside, M12 6DY",20/03/1955,c****s@hotmail.com,161,36,02/12/2021,SN0060,c****s@hotmail.com,17,23/01/2021,social media
205,205,Christine Hunt-Taylor,female,"Flat 90X, Lynda spur, Albertborough, HU7 4WD",23/12/1998,c*****h@hotmail.com,178,69,04/12/2021,SN0205,c*****h@hotmail.com,15,04/03/2021,direct
57,57,Dr Jack Ahmed,male,"45 Wood expressway, Gemmabury, WF15 8AD",19/01/2001,d****ja@gmail.com,178,76,04/12/2021,SN0057,d****ja@gmail.com,24,06/03/2021,offline
150,150,Ashleigh Welch-Barnett,female,"4 Joan trace, North Nicholas, LL15 2RU",19/08/1976,a*****we@gmail.com,183,60,04/12/2021,SN0150,a*****we@gmail.com,34,07/03/2021,social media
53,53,Emily Palmer,female,"Flat 27, Jenkins hill, Paynefurt, SR3 1XT",22/01/1970,e******pa@yahoo.com,157,51,04/12/2021,SN0053,e******pa@yahoo.com,38,13/03/2021,direct
114,114,Lucy Walton-Walsh,female,"00 Ricky mews, New Mitchellville, WV16 4NP",17/01/1956,l*****wa@hotmail.com,182,62,04/12/2021,SN0114,l*****wa@hotmail.com,22,18/03/2021,offline
6,6,Dr Ronald Potter,male,"Flat 81k, Charlie islands, West Janethaven, BS3 3AN",18/03/1970,d****r1@gmail.com,176,49,04/12/2021,SN0006,d****r1@gmail.com,19,25/03/2021,direct
3,3,Ms Kimberley Walker,female,"6 Cameron freeway, Beverleymouth, M14 5GA",22/04/1975,m******ki@hotmail.com,179,76,05/12/2021,SN0003,m******ki@hotmail.com,19,09/04/2021,offline
204,204,Mrs Hollie Gray,female,"Flat 45V, Nathan ramp, North Megan, NR7 0AG",13/08/1964,m******ho91@hotmail.com,179,73,05/12/2021,SN0204,m******ho91@hotmail.com,30,12/04/2021,social media
10,10,Dr Anne Murray,female,"824 Farrell rest, Cartwrightmouth, CM6 2LU",28/11/1970,d****a@gmail.com,168,53,05/12/2021,SN0010,d****a@gmail.com,13,13/04/2021,offline
67,67,Matthew Leach,male,"Flat 40, Ward place, South Carolyntown, LL20 8RS",01/01/1960,m******l70@gmail.com,187,41,05/12/2021,SN0067,m******l70@gmail.com,21,15/04/2021,social media
135,135,Jay Clarke,male,"Flat 6, Francis motorway, Adamsburgh, DT10 9BH",04/09/1981,j******c@hotmail.com,187,69,05/12/2021,SN0135,j******c@hotmail.com,24,03/05/2021,social media
162,162,Pamela James,female,"Studio 18, Phillip camp, Port Charlotteburgh, SA5 5JH",15/01/1988,p*****j77@gmail.com,168,73,06/12/2021,SN0162,p*****j77@gmail.com,18,08/05/2021,social media
71,71,Heather Harris,female,"Studio 22w, Declan islands, Sharpbury, NG16 2RH",31/01/1949,h*****ha@gmail.com,165,40,06/12/2021,SN0071,h*****ha@gmail.com,22,19/05/2021,google ads
47,47,Rachel Hill,female,"6 Palmer ford, Adamsberg, PE14 0HR",25/06/1982,r******hi82@yahoo.com,175,58,06/12/2021,SN0047,r******hi82@yahoo.com,17,25/05/2021,social media
183,183,Mr Mohammad Frost,male,"Flat 02, Bailey courts, Lisatown, TN3 9BA",25/03/1955,m****m@yahoo.com,174,63,07/12/2021,SN0183,m****m@yahoo.com,20,18/06/2021,direct
217,217,Ms Michelle Jones,female,"Studio 69z, Gary harbor, North Dylan, BB18 5UW",28/04/1947,m*******m@gmail.com,187,52,07/12/2021,SN0217,m*******m@gmail.com,18,24/06/2021,social media
232,232,Iain Elliott,male,"Flat 9, Tina street, East Stephanie, NN17 2ED",08/12/1950,i*****e@hotmail.com,159,60,07/12/2021,SN0232,i*****e@hotmail.com,20,30/06/2021,google ads
152,152,Rosie Myers,female,"560 Johnston rest, Port Gerardside, HR2 8BZ",07/05/1999,r****my@hotmail.com,171,76,08/12/2021,SN0152,r****my@hotmail.com,18,03/07/2021,direct
167,167,Clifford Bailey-Norton,male,"837 Price rapid, Ruthberg, EX39 1EU",28/01/1989,c*****b@yahoo.com,187,76,08/12/2021,SN0167,c*****b@yahoo.com,14,07/07/2021,google ads
237,237,Dr Derek Walker,male,"01 Norris streets, Pearsonstad, AB15 9ER",29/11/1995,d******d10@gmail.com,179,83,08/12/2021,SN0237,d******d10@gmail.com,13,26/07/2021,social media
92,92,Justin Rogers,male,"Studio 81y, Callum flats, Lynnefurt, YO8 9GF",28/09/1967,j******r@gmail.com,179,86,08/12/2021,SN0092,j******r@gmail.com,16,29/07/2021,google ads
109,109,Frances Davis-Pearson,female,"422 Karl junction, South Hollieton, IP17 2DE",30/06/1975,f*******d@gmail.com,162,57,09/12/2021,SN0109,f*******d@gmail.com,18,13/08/2021,social media
124,124,Robin Moore-Willis,male,"Flat 39, Ashleigh tunnel, Clarkside, CM6 2LR",21/09/1959,r*******mo@gmail.com,178,66,09/12/2021,SN0124,r*******mo@gmail.com,10,19/08/2021,offline
13,13,Brenda Harris,female,"2 Clifford glens, Emilyhaven, IG8 1RW",15/12/1965,b*****h62@gmail.com,158,49,09/12/2021,SN0013,b*****h62@gmail.com,18,22/08/2021,social media
240,240,Marian Parsons,male,"Flat 18W, Clarke run, North Kenneth, DE55 1LR",18/10/1950,m*****p2@yahoo.com,171,76,09/12/2021,SN0240,m*****p2@yahoo.com,16,29/08/2021,google ads
180,180,Heather Khan-Smith,female,"583 Rosemary ridges, New Rachel, EH14 5JW",14/01/1973,h*******kh@yahoo.com,151,31,09/12/2021,SN0180,h*******kh@yahoo.com,23,31/08/2021,direct
132,132,Ruth Freeman,female,"70 Bradshaw island, Lynnefort, LA1 9SR",17/01/1963,r*******f@gmail.com,179,60,10/12/2021,SN0132,r*******f@gmail.com,16,28/09/2021,social media
233,233,Mohammad Ali,male,"Flat 97l, Jacqueline light, Stanleychester, GU9 9JZ",24/06/1959,m*******al@hotmail.com,152,48,11/12/2021,SN0233,m*******al@hotmail.com,11,05/10/2021,google ads
138,138,Luke Owens,male,"Flat 00, Harding haven, East Rosieshire, PR1 2TY",07/11/1957,l******ow58@yahoo.com,178,66,11/12/2021,SN0138,l******ow58@yahoo.com,11,27/10/2021,direct
85,85,Sara Smith,female,"627 Michael run, Poolemouth, NG11 8FD",16/11/1990,s******sm@hotmail.com,173,77,14/12/2021,SN0085,s******sm@hotmail.com,11,01/11/2021,social media
51,51,Lynn Barton-Davis,female,"04 Hill summit, Shahport, EX39 3QL",13/02/2000,l******ba@gmail.com,182,52,13/12/2021,SN0051,l******ba@gmail.com,12,02/11/2021,direct
29,29,Mr Antony Davey,male,"Studio 90L, Warner track, Mooreport, UB1 2QL",24/10/1961,m*******an@gmail.com,189,71,14/12/2021,SN0029,m*******an@gmail.com,14,06/11/2021,google ads
90,90,Luke Pearce,male,"8 Young island, Lake Rogerborough, PR3 1ND",20/08/1974,l*******pe@gmail.com,168,53,13/12/2021,SN0090,l*******pe@gmail.com,17,06/11/2021,google ads
35,35,Gregory Martin,male,"1 Jane canyon, New Lisa, M9 8AT",23/09/1981,g*******m86@hotmail.com,152,50,14/12/2021,SN0035,g*******m86@hotmail.com,10,08/11/2021,google ads
189,189,Joyce Howard,female,"Studio 3, Marshall groves, Chapmanstad, SS16 4DR",29/08/1980,j****ho@gmail.com,172,71,16/12/2021,SN0189,j****ho@gmail.com,19,09/11/2021,social media
245,245,Miss Janet Thomas,female,"Studio 0, Nicholas viaduct, North Tracey, NP11 5DB",15/04/1997,m******j16@yahoo.com,164,67,20/12/2021,SN0245,m******j16@yahoo.com,19,11/11/2021,direct
83,83,Fiona Cameron-Evans,female,"Flat 77S, Morgan key, Maureenport, AB16 6PG",16/12/1965,f*******c@hotmail.com,168,62,16/12/2021,SN0083,f*******c@hotmail.com,18,12/11/2021,offline
62,62,Darren King-Fox,male,"357 Williams mountain, Port Charlesmouth, NN9 6QF",26/10/1945,d****ki19@yahoo.com,176,71,18/12/2021,SN0062,d****ki19@yahoo.com,18,15/11/2021,social media
89,89,Kenneth Dale,male,"9 Bibi knoll, North Dannybury, KA7 9SN",25/12/1998,k******d@gmail.com,172,82,25/12/2021,SN0089,k******d@gmail.com,15,17/11/2021,social media
44,44,Catherine Patel,female,"27 Wilkinson garden, West Edward, SA72 6XQ",22/08/1964,c******p8@gmail.com,189,82,01/01/2022,SN0044,c******p8@gmail.com,17,18/11/2021,offline
153,153,Tina Thomas,female,"2 Howard valley, Chloeview, EC3M 8AP",14/11/1976,t****t@gmail.com,151,38,01/01/2022,SN0153,t****t@gmail.com,22,18/11/2021,social media
201,201,Beth Flynn,female,"0 Atkinson springs, Murphyfort, WF1 5SY",28/07/1945,b*******fl@yahoo.com,151,47,31/12/2021,SN0201,b*******fl@yahoo.com,16,18/11/2021,social media
88,88,Darren Alexander,male,"Flat 40b, Allen spur, Alanborough, CH42 5QA",09/11/1965,d*****al@gmail.com,161,57,19/12/2021,SN0088,d*****al@gmail.com,18,19/11/2021,direct
108,108,Damien Hughes,male,"Flat 47, Kay estate, Bennettbury, CB10 2HA",20/10/1951,d*****hu33@hotmail.com,186,86,13/12/2021,SN0108,d*****hu33@hotmail.com,17,21/11/2021,social media
185,185,Rosie Young,female,"Studio 8, Karl estates, Port Royberg, DA12 3JP",02/02/1961,r*****y@yahoo.com,166,46,13/12/2021,SN0185,r*****y@yahoo.com,18,21/11/2021,offline
159,159,Eric Dean,male,"Studio 16, Naomi village, East Stanleyport, WA9 5GX",26/02/1970,e*****de43@hotmail.com,162,60,01/03/2022,SN0159,e*****de43@hotmail.com,15,23/11/2021,offline
50,50,Mr Gerald Fry,male,"Studio 78E, May mountains, North Craig, PO11 9SE",20/01/1948,m******ge@hotmail.com,174,42,29/12/2021,SN0050,m******ge@hotmail.com,28,24/11/2021,google ads
148,148,Samuel Evans,male,"Flat 80w, O'Neill cape, Port Janice, DT4 8LW",20/05/1950,s*****ev@yahoo.com,156,34,30/12/2021,SN0148,s*****ev@yahoo.com,17,25/11/2021,direct
126,126,Dr Geoffrey Williams,male,"839 Turner plaza, Justinville, CV34 8DE",17/06/1980,d******g@gmail.com,154,56,23/12/2021,SN0126,d******g@gmail.com,16,28/11/2021,offline
242,242,Paige Bennett,unknown,"Flat 98, Johnson groves, South Howardchester, BH12 3LQ",26/04/1945,p******b16@yahoo.com,156,38,17/12/2021,SN0242,p******b16@yahoo.com,15,28/11/2021,offline
246,246,Elliot Little,male,"6 Akhtar estates, Stevenfort, BN16 3PS",01/03/1944,e*******l@gmail.com,184,88,26/12/2021,SN0246,e*******l@gmail.com,18,30/11/2021,social media
161,161,Victor Fitzgerald-Allen,male,"Studio 25, Rosemary canyon, Leonfort, EN3 6UB",10/06/1993,v*****f@hotmail.com,151,45,28/12/2021,SN0161,v*****f@hotmail.com,11,01/12/2021,offline
181,181,Keith Wood,male,"6 Jean tunnel, New Danny, NG31 7BH",21/06/1964,k*****wo@hotmail.com,185,78,16/12/2021,SN0181,k*****wo@hotmail.com,11,01/12/2021,direct
236,236,Joanne Reynolds,female,"7 Hunter stravenue, Nicholasburgh, N12 9LF",16/02/1997,j*******r@gmail.com,171,61,24/12/2021,SN0236,j*******r@gmail.com,9,02/12/2021,social media
55,55,Joyce Evans,female,"7 Mohammed mission, South Ameliaport, NG7 4BH",04/11/1956,j******e@gmail.com,164,69,28/12/2021,SN0055,j******e@gmail.com,12,04/12/2021,google ads
145,145,Ms Carly Chan,female,"Flat 42A, Chelsea passage, Smithtown, HU3 1SQ",21/11/1943,m*****c@gmail.com,175,55,15/12/2021,SN0145,m*****c@gmail.com,14,04/12/2021,offline
228,228,Dr Derek Johnson,male,"1 Linda mount, Jessicaberg, SS7 1EL",24/04/1949,d*******d@yahoo.com,154,52,15/12/2021,SN0228,d*******d@yahoo.com,15,04/12/2021,offline
248,248,Sara Griffin,female,"0 Katie vista, Davieshaven, ST5 5AT",24/01/1991,s*******gr@hotmail.com,189,64,15/12/2021,SN0248,s*******gr@hotmail.com,15,04/12/2021,direct
120,120,Hilary Watts,female,"Flat 45, Morgan row, West Debra, EX4 6EA",26/08/1970,h******wa@gmail.com,187,73,13/12/2021,SN0120,h******wa@gmail.com,13,05/12/2021,offline
225,225,Dennis Browne,male,"Flat 30, Christian vista, Port Maurice, OL16 4AX",23/04/1970,d*******b@hotmail.com,162,73,23/12/2021,SN0225,d*******b@hotmail.com,12,05/12/2021,offline
95,95,Shane Lewis,male,"250 White green, Terrystad, OX12 0DE",20/01/2001,s*****l@hotmail.com,171,64,16/12/2021,SN0095,s*****l@hotmail.com,13,06/12/2021,google ads
122,122,Justin Lee,male,"13 Arnold orchard, Port Emmaland, RG12 7WQ",13/04/1972,j******le25@yahoo.com,167,50,01/03/2022,SN0122,j******le25@yahoo.com,11,06/12/2021,google ads
34,34,Olivia Carter,female,"915 Webb flat, Davisonborough, GU4 7TH",24/03/1975,o*******ca@gmail.com,155,48,21/12/2021,SN0034,o*******ca@gmail.com,10,07/12/2021,direct
68,68,Elliott Rose,male,"Flat 83j, Evans plains, Scottstad, CA11 0DN",26/10/1997,e*****r37@hotmail.com,173,44,18/12/2021,SN0068,e*****r37@hotmail.com,14,08/12/2021,offline
77,77,Dr Grace Parker,female,"4 Kimberley harbors, South Darren, SR3 4ES",25/11/1973,d*******gr@yahoo.com,173,53,15/01/2022,SN0077,d*******gr@yahoo.com,12,08/12/2021,google ads
140,140,Jasmine Law,female,"Flat 4, Linda center, South Sara, PE37 8GB",13/11/2000,j*******l@yahoo.com,169,65,16/12/2021,SN0140,j*******l@yahoo.com,14,08/12/2021,offline
173,173,Allan Barton,male,"90 Russell via, Flynnview, LD3 9DW",18/10/1980,a******b75@gmail.com,165,68,19/12/2021,SN0173,a******b75@gmail.com,11,08/12/2021,offline
72,72,Stacey Smith,female,"2 Brown walk, West Darren, ST5 6DB",24/11/1981,s*****s@gmail.com,154,49,24/12/2021,SN0072,s*****s@gmail.com,12,09/12/2021,google ads
164,164,Mr Phillip Robinson,male,"906 Hope shoal, New Joel, HU3 5PB",26/08/1948,m*******ph33@gmail.com,155,55,30/12/2021,SN0164,m*******ph33@gmail.com,16,09/12/2021,google ads
210,210,Stephen Bell,male,"373 Nicola mission, West Karlland, LS8 5RL",07/11/1970,s*****be@hotmail.com,174,72,18/01/2022,SN0210,s*****be@hotmail.com,17,09/12/2021,social media
20,20,Joe Gardner,male,"Studio 9, Danny fall, South Brianbury, PA2 0TS",05/05/1955,j*******g@gmail.com,162,60,01/01/2022,SN0020,j*******g@gmail.com,14,11/12/2021,social media
104,104,Mr Steven Clarke,male,"2 Gray loaf, Kerrytown, WS10 0BX",17/01/1998,m****s71@gmail.com,159,55,22/01/2022,SN0104,m****s71@gmail.com,9,11/12/2021,offline
131,131,Reece Morris-Lowe,male,"Studio 56, Mitchell viaduct, Matthewsmouth, GU7 1TL",19/05/1994,r****m@gmail.com,180,74,20/01/2022,SN0131,r****m@gmail.com,8,11/12/2021,direct
82,82,Terence Birch,male,"Studio 45, Simpson meadow, Stephensonville, YO32 2YX",27/07/1971,t*****bi@yahoo.com,168,47,01/03/2022,SN0082,t*****bi@yahoo.com,11,12/12/2021,direct
93,93,Derek Young,male,"70 Denis parkways, Port Connor, RM18 8FA",19/04/1956,d******y@gmail.com,181,72,22/01/2022,SN0093,d******y@gmail.com,6,12/12/2021,direct
178,178,Carly Gregory-Brown,female,"Flat 10, Harding run, Port Jeffreytown, ML9 3LT",13/12/1944,c*******gr@hotmail.com,178,66,29/12/2021,SN0178,c*******gr@hotmail.com,11,15/12/2021,offline
8,8,Connor Bell,male,"8 Josh ranch, Daviesstad, BD10 9HX",26/10/1961,c****be@gmail.com,184,74,23/01/2022,SN0008,c****be@gmail.com,14,16/12/2021,direct
5,5,Tony Moore,male,"Flat 4, Miah plaza, New Judithville, FY1 3AA",10/11/2001,t******m64@yahoo.com,181,75,21/01/2022,SN0005,t******m64@yahoo.com,22,17/12/2021,direct
79,79,Dr Alison O'Connor,female,"Studio 11, Robinson lake, Lake Rickyton, L69 2EE",03/04/1988,d*******a@yahoo.com,165,51,22/01/2022,SN0079,d*******a@yahoo.com,13,17/12/2021,direct
142,142,Kyle Wilson,female,"Flat 7, Shane summit, Natashaland, MK40 2HZ",08/10/1959,k******wi@yahoo.com,176,102,01/01/2022,SN0142,k******wi@yahoo.com,12,17/12/2021,google ads
31,31,Frank Thorpe,male,"Flat 74Z, Young plain, Georgemouth, CH7 3ER",15/12/1946,f****t@hotmail.com,186,65,29/12/2021,SN0031,f****t@hotmail.com,11,18/12/2021,offline
172,172,Mandy Williams,female,"Flat 69, Oliver ridge, Johnmouth, LA12 7JJ",17/12/1994,m****wi@hotmail.com,180,84,13/01/2022,SN0172,m****wi@hotmail.com,14,18/12/2021,offline
218,218,Michelle Harrison-Warren,female,"Flat 5, Barnes isle, North Louismouth, CT15 7BE",12/08/1945,m*****ha78@yahoo.com,181,75,30/01/2022,SN0218,m*****ha78@yahoo.com,17,19/12/2021,google ads
46,46,Jean Robinson,male,"0 Turnbull mountain, West Ross, S6 2DA",18/07/1962,j*******r@gmail.com,162,65,20/01/2022,SN0046,j*******r@gmail.com,3,20/12/2021,google ads
118,118,Dr Jonathan Hall,male,"Studio 7, Glen cove, North Gareth, WV10 8TF",12/08/1950,d*****jo9@gmail.com,171,73,02/02/2022,SN0118,d*****jo9@gmail.com,20,20/12/2021,offline
128,128,Ms Donna Howarth,female,"3 Marsh turnpike, Port Dominicport, NN2 6BT",12/09/1966,m****d@gmail.com,161,59,31/12/2021,SN0128,m****d@gmail.com,11,20/12/2021,social media
130,130,Alison Robinson,female,"Studio 64, Miah ports, West Brian, CF62 7NB",23/09/1943,a******ro@yahoo.com,172,71,01/01/2022,SN0130,a******ro@yahoo.com,9,20/12/2021,google ads
199,199,Daniel Bell,male,"361 Georgina plains, New Julie, WD4 9JE",07/05/1988,d*****b@hotmail.com,176,61,28/01/2022,SN0199,d*****b@hotmail.com,6,20/12/2021,google ads
196,196,Wayne Clark,male,"154 Peter drive, Port Jack, IP17 2HB",05/02/1969,w*******cl40@yahoo.com,162,68,23/01/2022,SN0196,w*******cl40@yahoo.com,11,21/12/2021,offline
197,197,Mr Mohammed Fisher,male,"81 John key, East Cameron, PL1 1DS",02/03/1953,m******m32@hotmail.com,151,43,30/01/2022,SN0197,m******m32@hotmail.com,14,21/12/2021,direct
1,1,Mr Sam Simmons,male,"Studio 77U, Arthur lock, Tomchester, NP19 9TL",25/09/1995,m*******sa@gmail.com,164,53,29/01/2022,SN0001,m*******sa@gmail.com,15,22/12/2021,direct
23,23,Mr William Taylor,male,"6 Bates view, Kellyville, LS29 8DD",28/03/1943,m****wi@gmail.com,165,49,02/03/2022,SN0023,m****wi@gmail.com,10,22/12/2021,offline
226,226,Stanley Gray-Atkins,male,"48 Neil harbors, North Hazelton, CT20 1DA",13/07/1957,s******gr@gmail.com,170,66,29/01/2022,SN0226,s******gr@gmail.com,20,22/12/2021,direct
80,80,Victor Houghton,male,"715 Robert vista, East Conor, FY1 9SZ",18/03/1967,v*******h99@gmail.com,153,32,31/01/2022,SN0080,v*******h99@gmail.com,10,23/12/2021,direct
115,115,Frank Williams,male,"473 Lewis ferry, Judithchester, B70 8HP",03/12/1984,f******wi@gmail.com,171,76,29/01/2022,SN0115,f******wi@gmail.com,8,23/12/2021,google ads
243,243,Dr Neil Hayward,male,"Flat 6, Davison spurs, Abdulstad, DL13 1DQ",20/04/1977,d******ne@hotmail.com,185,88,17/01/2022,SN0243,d******ne@hotmail.com,7,23/12/2021,social media
111,111,Luke Murray-Stanley,male,"27 Storey landing, Jamesfurt, SE16 7EH",01/12/1961,l******m@gmail.com,181,78,19/01/2022,SN0111,l******m@gmail.com,15,25/12/2021,direct
146,146,Julian Bryant,male,"12 Charles spring, West Frank, SY5 8EB",12/12/1947,j******br@hotmail.com,173,65,26/01/2022,SN0146,j******br@hotmail.com,16,25/12/2021,direct
56,56,Miss Anna Burton,female,"Flat 85, Dale drive, Marionborough, CB25 9LT",23/05/1968,m****an75@yahoo.com,188,63,25/01/2022,SN0056,m****an75@yahoo.com,17,27/12/2021,offline
24,24,Lydia Ali,female,"Flat 07, Ashleigh plain, Harrisfort, GL2 0SS",25/09/1960,l****a@gmail.com,185,61,29/01/2022,SN0024,l****a@gmail.com,15,28/12/2021,offline
230,230,Derek Miller,male,"673 Hilton field, Longmouth, TS25 4DH",01/03/1968,d*******m@hotmail.com,166,57,20/01/2022,SN0230,d*******m@hotmail.com,6,28/12/2021,direct
127,127,Olivia Bradley,female,"Studio 17, Page manor, Wardview, CO2 8BN",24/11/1967,o******b@yahoo.com,160,46,13/01/2022,SN0127,o******b@yahoo.com,4,30/12/2021,offline
202,202,Benjamin Whitehead,male,"Flat 11Y, Raymond circle, Kyletown, PE25 3DG",05/05/1947,b*****w64@gmail.com,169,59,30/01/2022,SN0202,b*****w64@gmail.com,14,30/12/2021,google ads
0,0,Mrs Katie Hudson,female,"979 Marcus mall, Mitchellside, HP23 5HR",23/10/1960,m*****ka@yahoo.com,171,49,02/03/2022,SN0000,m*****ka@yahoo.com,8,31/12/2021,offline
223,223,Dr Jacob Thomas,male,"43 Tracy orchard, Lake Christine, DN41 7PS",31/12/1965,d****j48@yahoo.com,161,62,16/01/2022,SN0223,d****j48@yahoo.com,5,01/01/2022,direct
234,234,Philip Summers,male,"729 Melissa manor, Burgessborough, KT15 2TW",06/10/1987,p****su22@hotmail.com,164,64,14/01/2022,SN0234,p****su22@hotmail.com,13,01/01/2022,offline
238,238,Miss Caroline Scott,female,"12 Todd squares, Tuckerchester, BB8 0BP",29/10/2001,m****c@yahoo.com,154,42,14/02/2022,SN0238,m****c@yahoo.com,9,02/01/2022,social media
168,168,Nicola Webb-Greenwood,female,"358 Sharp meadows, North Mollyburgh, PL14 4HG",18/09/1960,n*****w@hotmail.com,167,52,18/01/2022,SN0168,n*****w@hotmail.com,9,03/01/2022,direct
41,41,Neil Thomas-Holt,male,"702 Duncan curve, Nigelmouth, GU2 7UX",23/09/1996,n*****th@gmail.com,156,48,15/01/2022,SN0041,n*****th@gmail.com,4,04/01/2022,google ads
40,40,Emma Lloyd,female,"Flat 2, Bruce avenue, Frederickburgh, KA1 4EE",05/12/1954,e*****ll@gmail.com,154,49,15/02/2022,SN0040,e*****ll@gmail.com,8,05/01/2022,google ads
81,81,Mr Gordon Ross,male,"01 Lloyd terrace, North Alexandra, NG8 4BP",25/03/1957,m****go@yahoo.com,187,55,25/01/2022,SN0081,m****go@yahoo.com,7,05/01/2022,social media
25,25,Dr Declan Smith,male,"07 Newton light, New Sara, DE1 3TF",15/12/1993,d*******d28@hotmail.com,162,60,23/01/2022,SN0025,d*******d28@hotmail.com,16,06/01/2022,direct
26,26,Richard Stephens-Evans,male,"71 Tracy glens, North George, IP22 4AG",05/12/2000,r*******st@gmail.com,159,55,16/02/2022,SN0026,r*******st@gmail.com,15,06/01/2022,google ads
102,102,Kerry Hicks,female,"Studio 8, Jay square, West Allanside, LU7 0HB",11/02/1960,k*******h@gmail.com,160,51,14/02/2022,SN0102,k*******h@gmail.com,8,07/01/2022,social media
209,209,Antony Green,male,"54 Molly keys, Westport, SP9 7EY",30/09/1956,a******gr34@gmail.com,161,59,13/02/2022,SN0209,a******gr34@gmail.com,12,07/01/2022,social media
32,32,Thomas Barrett,male,"488 George creek, Jeremyborough, EX14 1FW",14/09/1978,t****b93@hotmail.com,162,62,13/02/2022,SN0032,t****b93@hotmail.com,10,08/01/2022,social media
235,235,Adrian King-Ferguson,male,"Flat 94, Barbara knolls, Brianfort, ME9 8JZ",24/04/1967,a******ki@yahoo.com,157,49,19/01/2022,SN0235,a******ki@yahoo.com,8,08/01/2022,social media
14,14,Lee Fuller,male,"882 Green mews, Kevinfurt, BR5 1AU",20/12/1964,l****f@hotmail.com,178,82,20/02/2022,SN0014,l****f@hotmail.com,8,09/01/2022,google ads
163,163,Rosie Field-Khan,female,"0 Metcalfe shore, Mauriceville, SP7 8QA",20/04/1951,r*****f@gmail.com,161,49,18/02/2022,SN0163,r*****f@gmail.com,7,09/01/2022,offline
86,86,Andrea Howells,female,"62 Farrell square, Bernardview, BH17 7HZ",14/02/1998,a*****h@yahoo.com,156,51,21/02/2022,SN0086,a*****h@yahoo.com,11,10/01/2022,offline
116,116,Alice Bell,female,"Flat 4, Baker ranch, Port Clare, BT66 8BW",09/05/1999,a*****be@yahoo.com,156,60,15/02/2022,SN0116,a*****be@yahoo.com,8,11/01/2022,google ads
134,134,Teresa Hall-Pearce,female,"838 Lowe street, Morrisfort, M34 5JY",07/05/1950,t*******h32@gmail.com,170,66,19/02/2022,SN0134,t*******h32@gmail.com,12,11/01/2022,google ads
191,191,Caroline Lewis,female,"5 Phillips manor, New Maureenport, MK44 2LB",04/11/1982,c*****l@gmail.com,180,68,17/02/2022,SN0191,c*****l@gmail.com,12,11/01/2022,social media
211,211,Eileen Burke,female,"Flat 9, Keith estate, Robertview, PR7 6LE",31/03/1945,e*******bu@gmail.com,151,61,29/01/2022,SN0211,e*******bu@gmail.com,8,11/01/2022,offline
96,96,Vincent Lee,male,"903 Pearson underpass, Gregoryberg, WA6 6TY",29/11/1974,v******l@gmail.com,164,59,15/02/2022,SN0096,v******l@gmail.com,6,12/01/2022,direct
39,39,Dr Joel Clarke,male,"Flat 80j, Robin oval, Simonview, PR9 9XP",18/04/1967,d*******jo30@gmail.com,166,71,02/03/2022,SN0039,d*******jo30@gmail.com,6,13/01/2022,google ads
144,144,Mrs Katie Williams,female,"08 Jodie green, West Amanda, B61 9AU",18/03/1959,m******k54@hotmail.com,169,59,22/01/2022,SN0144,m******k54@hotmail.com,10,14/01/2022,direct
110,110,Gareth Carey-Farmer,male,"Studio 9, Gordon roads, Hutchinsonborough, CT6 5BH",09/06/1965,g****ca@gmail.com,162,47,28/02/2022,SN0110,g****ca@gmail.com,7,15/01/2022,offline
174,174,Kimberley Quinn,female,"866 Abigail mills, South Amelia, SK9 2SX",16/08/1976,k****q@yahoo.com,180,61,02/02/2022,SN0174,k****q@yahoo.com,10,15/01/2022,social media
177,177,Mrs Amanda Chapman,female,"Flat 56a, Toby brook, Leontown, LD3 9PW",08/01/1984,m*******a61@gmail.com,172,59,29/01/2022,SN0177,m*******a61@gmail.com,10,15/01/2022,google ads
123,123,Mr Damien Ellis,male,"07 Parker springs, East Anthony, DH6 3EP",18/10/1946,m*******d@gmail.com,155,60,14/02/2022,SN0123,m*******d@gmail.com,4,16/01/2022,offline
212,212,Paula Whitehead,female,"Flat 33, Elliot common, Port Clive, DL3 8DE",10/09/1949,p*****wh@gmail.com,152,55,19/02/2022,SN0212,p*****wh@gmail.com,7,16/01/2022,offline
105,105,Ruth Harris,female,"64 Kenneth station, West Shaneville, TQ11 0PG",03/01/1978,r*******ha29@yahoo.com,159,58,14/02/2022,SN0105,r*******ha29@yahoo.com,6,18/01/2022,offline
214,214,Karen Houghton-Sharpe,female,"242 Greenwood lodge, New Louise, NP12 1SL",24/05/1999,k*******ho@gmail.com,182,72,27/01/2022,SN0214,k*******ho@gmail.com,8,18/01/2022,google ads
222,222,Dr Harry Price,male,"Flat 7, Eric stravenue, North Jayborough, LL55 2UB",14/06/1998,d*******h@yahoo.com,184,74,21/02/2022,SN0222,d*******h@yahoo.com,7,18/01/2022,google ads
27,27,Dr Simon Smith,male,"Studio 3, Cooper mountains, Michelleside, BH6 3ED",05/03/1992,d*******s33@gmail.com,182,79,26/02/2022,SN0027,d*******s33@gmail.com,8,19/01/2022,google ads
59,59,Katherine Smith,female,"Studio 42m, Tyler harbor, Port Conorside, NG9 3SX",14/03/1977,k*****sm@yahoo.com,176,58,03/01/2022,SN0059,k*****sm@yahoo.com,9,20/01/2022,offline
84,84,Max Wilson,male,"5 Lambert junctions, Geoffreyfurt, AB15 7RJ",04/03/1985,m*****w@hotmail.com,187,87,03/03/2022,SN0084,m*****w@hotmail.com,13,22/01/2022,google ads
137,137,Ellie Collins,female,"Flat 1, Valerie ville, Robinmouth, KY11 3BP",28/05/1996,e*****co95@hotmail.com,182,76,03/01/2022,SN0137,e*****co95@hotmail.com,5,22/01/2022,offline
43,43,Claire Butler-Hughes,female,"95 Lorraine island, New George, DA11 0SF",12/04/1966,c****bu89@yahoo.com,158,44,28/02/2022,SN0043,c****bu89@yahoo.com,10,25/01/2022,social media
192,192,Ross White,male,"Studio 07, Robert skyway, Harperborough, NN10 8BW",03/05/1988,r*******wh35@gmail.com,157,39,28/02/2022,SN0192,r*******wh35@gmail.com,9,26/01/2022,google ads
220,220,Clifford John,male,"979 Christian rapids, East Rhys, NG2 3DU",22/10/1984,c******jo@yahoo.com,184,74,20/02/2022,SN0220,c******jo@yahoo.com,8,26/01/2022,offline
239,239,Marion Sharp,female,"2 Wendy greens, Annettestad, S60 2BQ",16/03/1969,m******sh@gmail.com,179,60,25/02/2022,SN0239,m******sh@gmail.com,10,27/01/2022,google ads
66,66,Gordon Martin-Rogers,male,"Studio 0, Elliott trail, Port Ritatown, ML4 2SU",27/07/1982,g****ma@yahoo.com,165,65,17/02/2022,SN0066,g****ma@yahoo.com,12,28/01/2022,social media
203,203,Gavin Davies,male,"Studio 60b, Paula run, Aaronton, HX4 8NT",19/04/1966,g****da@gmail.com,159,48,24/02/2022,SN0203,g****da@gmail.com,7,28/01/2022,direct
107,107,Dr Alison Thorpe,female,"884 David mall, Benjamintown, SE1 0EA",13/01/2000,d******al3@hotmail.com,183,70,13/03/2022,SN0107,d******al3@hotmail.com,10,29/01/2022,offline
12,12,Mrs Donna Richardson,female,"427 Carter locks, Turnerfort, LU4 0YN",09/03/1965,m******do@gmail.com,154,37,22/02/2022,SN0012,m******do@gmail.com,8,30/01/2022,direct
73,73,Shirley Horton,female,"Flat 25Y, Denis spurs, Port Sarahport, HR2 9QG",21/12/1971,s*****h@hotmail.com,163,61,16/02/2022,SN0073,s*****h@hotmail.com,7,30/01/2022,direct
17,17,Mrs Rosie Pearce,female,"Flat 7, Richard island, Rowestad, M23 9JW",31/03/1991,m****ro22@yahoo.com,182,59,16/03/2022,SN0017,m****ro22@yahoo.com,9,01/02/2022,offline
206,206,Garry Pollard,male,"Flat 34p, Deborah prairie, Port Lewis, KT9 1HJ",04/08/1990,g****po40@hotmail.com,169,59,21/02/2022,SN0206,g****po40@hotmail.com,7,01/02/2022,offline
22,22,Shane Hale,male,"Studio 8, Francis trail, West Jennifer, WN4 8BJ",14/05/1949,s******ha4@gmail.com,181,58,14/03/2022,SN0022,s******ha4@gmail.com,9,02/02/2022,google ads
45,45,Glenn Doyle,male,"27 Zoe cove, Port Gary, SK9 5BT",07/11/1961,g****do@gmail.com,155,60,18/02/2022,SN0045,g****do@gmail.com,11,02/02/2022,social media
33,33,Kelly Pearson,female,"Flat 46I, Martin gardens, Robinsonmouth, PO6 3NR",29/11/1970,k*****pe@gmail.com,181,58,18/02/2022,SN0033,k*****pe@gmail.com,10,04/02/2022,direct
221,221,Grace O'Connor,female,"88 Jenkins ferry, New Paulafort, G78 1NX",24/07/1982,g*******o'@hotmail.com,182,82,15/03/2022,SN0221,g*******o'@hotmail.com,8,04/02/2022,google ads
18,18,Stanley Green-Clark,male,"Flat 9, Vanessa haven, Ahmedfort, TF2 8EL",09/10/1992,s****gr@yahoo.com,189,67,22/02/2022,SN0018,s****gr@yahoo.com,7,05/02/2022,social media
36,36,Dr Joseph Johnson,male,"Studio 1, Chamberlain estates, South Graham, BB9 6RF",19/08/1991,d*****jo@hotmail.com,155,60,14/03/2022,SN0036,d*****jo@hotmail.com,4,05/02/2022,offline
54,54,Mr Joseph Webster,male,"9 Hayward island, Goodwinshire, EX39 5RS",12/09/1949,m*****jo@gmail.com,165,51,16/03/2022,SN0054,m*****jo@gmail.com,15,05/02/2022,offline
117,117,Patricia Woodward-Lane,female,"Studio 03, Turner passage, Port Kayleighstad, IP7 6FR",02/08/1961,p*******wo41@gmail.com,168,64,13/02/2022,SN0117,p*******wo41@gmail.com,5,05/02/2022,google ads
113,113,Julia Wright,female,"632 Frederick mills, Denisechester, SW12 9AZ",31/05/1949,j******wr38@gmail.com,166,57,20/03/2022,SN0113,j******wr38@gmail.com,4,06/02/2022,direct
244,244,Joanna Newton,female,"95 Patrick manors, Barretttown, CM22 7BY",08/05/1965,j******n@yahoo.com,177,62,28/02/2022,SN0244,j******n@yahoo.com,5,07/02/2022,direct
103,103,Roy Henderson,male,"Flat 91w, Karen loaf, South Laura, BT4 3NZ",22/06/1991,r******h@yahoo.com,159,58,24/02/2022,SN0103,r******h@yahoo.com,14,08/02/2022,social media
170,170,Tony Gill,male,"Studio 28b, Russell camp, South Lukechester, NE32 3PW",26/07/1947,t******gi73@gmail.com,156,51,19/02/2022,SN0170,t******gi73@gmail.com,7,08/02/2022,offline
249,249,Fiona Patel,female,"Studio 0, Patel pine, Mitchellside, LA16 7AA",12/04/1952,f*****pa45@hotmail.com,158,57,21/03/2022,SN0249,f*****pa45@hotmail.com,1,09/02/2022,google ads
151,151,Jeffrey Armstrong,male,"1 Ann terrace, Lake Geoffrey, NE25 9QS",25/07/1953,j*******ar@gmail.com,186,100,15/03/2022,SN0151,j*******ar@gmail.com,8,10/02/2022,social media
49,49,Jenna Wheeler,female,"0 Wells lane, Lake Jeremyside, TN34 2LR",18/02/1951,j******wh@hotmail.com,181,72,15/03/2022,SN0049,j******wh@hotmail.com,8,11/02/2022,google ads
158,158,Josephine Taylor-Hayward,female,"Studio 07, Joseph village, New Karen, MK17 8DU",04/11/1968,j*****ta@hotmail.com,186,89,20/02/2022,SN0158,j*****ta@hotmail.com,9,12/02/2022,social media
179,179,Callum Williams,male,"6 Randall landing, Lake Marie, G51 1JL",18/07/1988,c*****w@gmail.com,177,65,18/03/2022,SN0179,c*****w@gmail.com,8,12/02/2022,offline
193,193,Mohammed Walsh,male,"63 Lisa rapid, West Kayleigh, NN18 8GT",19/06/1943,m*******wa@gmail.com,158,62,22/03/2022,SN0193,m*******wa@gmail.com,6,12/02/2022,google ads
19,19,Chelsea Ellis-Kelly,female,"Flat 8, Butler ports, North Geraldinemouth, IV12 5BE",07/10/1964,c****el@hotmail.com,150,56,27/03/2022,SN0019,c****el@hotmail.com,17,14/02/2022,direct
21,21,Hayley Parker-Clark,female,"019 Gail light, South Edwardland, SG2 9ST",10/01/1967,h*****pa@gmail.com,165,54,28/02/2022,SN0021,h*****pa@gmail.com,8,14/02/2022,offline
11,11,Glen Foster,male,"11 James way, Dannytown, CF63 2JS",24/10/1996,g****fo@yahoo.com,184,77,26/02/2022,SN0011,g****fo@yahoo.com,6,15/02/2022,social media
171,171,Sam Ferguson,male,"7 Leanne unions, North Emily, PL30 5DE",10/04/1993,s*****f26@gmail.com,165,62,04/01/2022,SN0171,s*****f26@gmail.com,6,16/02/2022,direct
224,224,Clive Kent,male,"27 Smith shoal, Whitemouth, BT14 8JX",07/11/1990,c******k68@yahoo.com,173,89,30/03/2022,SN0224,c******k68@yahoo.com,11,17/02/2022,direct
100,100,Mandy Middleton,female,"774 Morton trail, Davidmouth, WF9 4RY",29/09/1971,m*******m@gmail.com,189,100,15/03/2022,SN0100,m*******m@gmail.com,7,18/02/2022,offline
143,143,Eleanor Scott,female,"Flat 01D, Michael motorway, Carlyshire, TD1 3RG",08/05/1950,e******s@hotmail.com,159,63,19/03/2022,SN0143,e******s@hotmail.com,4,18/02/2022,offline
156,156,Donald Thomas,male,"49 June rest, North Justinshire, IV23 2QZ",01/04/1982,d******t46@gmail.com,176,74,03/02/2022,SN0156,d******t46@gmail.com,5,19/02/2022,google ads
229,229,Carole Thompson-King,female,"21 Jones square, Bretthaven, CO12 3DE",06/11/1960,c*****t@gmail.com,179,102,21/03/2022,SN0229,c*****t@gmail.com,10,19/02/2022,social media
166,166,Mr Kieran Payne,male,"Studio 49j, Taylor crossing, Evansbury, NP12 1DJ",01/10/1985,m*****ki18@hotmail.com,155,62,24/03/2022,SN0166,m*****ki18@hotmail.com,5,21/02/2022,direct
176,176,Leonard Jordan-Ball,male,"0 Charlie place, Alexanderton, BD10 0SR",14/04/1970,l****j@yahoo.com,182,69,28/03/2022,SN0176,l****j@yahoo.com,6,24/02/2022,offline
30,30,Paula Jones,female,"99 Damien keys, South Dylan, NR19 1BG",08/12/1958,p****jo@yahoo.com,162,60,21/03/2022,SN0030,p****jo@yahoo.com,11,25/02/2022,google ads
195,195,Duncan Lewis-Graham,male,"Flat 3, Roger island, Knightchester, DY7 6LX",08/05/1981,d*******l@gmail.com,186,79,23/03/2022,SN0195,d*******l@gmail.com,2,25/02/2022,social media
94,94,Alison Davies,female,"Flat 35, Keith mountains, Simmonsmouth, N1 4HD",26/08/1964,a*******d@gmail.com,167,66,30/03/2022,SN0094,a*******d@gmail.com,1,27/02/2022,google ads
155,155,Jade Bailey,female,"92 Smith summit, Lake Bryan, L4 9RT",16/10/2001,j****ba48@hotmail.com,172,59,17/03/2022,SN0155,j****ba48@hotmail.com,13,27/02/2022,offline
160,160,Adrian Hunter,male,"Flat 4, Adam avenue, Marianburgh, WR13 6PZ",07/09/1966,a*****hu73@gmail.com,173,65,15/03/2022,SN0160,a*****hu73@gmail.com,5,28/02/2022,google ads
2,2,Lorraine Bentley,female,"Flat 89, Williams avenue, Katieville, CT3 1BA",22/03/1966,l******be@hotmail.com,177,87,13/03/2022,SN0002,l******be@hotmail.com,5,01/03/2022,offline
15,15,Mr Howard Baker,male,"650 Dodd locks, Robertsberg, CH62 7BD",03/02/1960,m******ho@gmail.com,177,68,21/03/2022,SN0015,m******ho@gmail.com,4,01/03/2022,offline
42,42,Ms Stacey Walsh,female,"94 Damien mountains, Lake Dawnville, DY8 1LB",23/07/1993,m*****s49@yahoo.com,162,44,28/03/2022,SN0042,m*****s49@yahoo.com,5,03/03/2022,social media
101,101,Louise King,female,"51 Bradley skyway, Lucasborough, RH16 2QW",03/05/1953,l****ki93@hotmail.com,152,48,18/03/2022,SN0101,l****ki93@hotmail.com,3,03/03/2022,social media
207,207,Mrs Rebecca Iqbal,female,"Studio 54, Yvonne stream, Lake Owenstad, BT44 0DY",24/08/1994,m*******r@yahoo.com,189,85,15/03/2022,SN0207,m*******r@yahoo.com,5,03/03/2022,offline
139,139,Charlotte King,female,"Studio 4, Georgina estates, East Danielle, SN8 2BL",06/12/1988,c*****ki@gmail.com,161,57,20/03/2022,SN0139,c*****ki@gmail.com,8,04/03/2022,social media
28,28,Mr Andrew Knight,male,"597 Heather freeway, West Brandon, NR0N 5ZY, NG20 0RZ",23/09/1999,m****a@hotmail.com,156,58,16/03/2022,SN0028,m****a@hotmail.com,5,05/03/2022,google ads
184,184,Dr Philip Watson,male,"373 Jones drive, Gracestad, JE2 4LR",21/12/1946,d****ph@hotmail.com,173,56,14/03/2022,SN0184,d****ph@hotmail.com,4,05/03/2022,direct
9,9,Eric Young,male,"Studio 66, Hyde ways, Taylortown, TA1 1XQ",02/04/1966,e******y70@hotmail.com,176,65,30/03/2022,SN0009,e******y70@hotmail.com,6,06/03/2022,google ads
188,188,Ms Harriet Foster,female,"68 Mark shoal, Hobbstown, SK23 0XS",29/11/1989,m*****h23@yahoo.com,183,70,21/03/2022,SN0188,m*****h23@yahoo.com,9,07/03/2022,direct
106,106,Mr Elliott Francis,male,"Studio 1, Julia pike, South Alexandra, B97 5AD",07/02/1948,m******e@gmail.com,189,89,25/03/2022,SN0106,m******e@gmail.com,4,09/03/2022,social media
194,194,Clare Smith,female,"531 Natalie pine, West Geraldine, EX32 9PG",21/07/1960,c*******s@gmail.com,180,90,27/03/2022,SN0194,c*******s@gmail.com,3,12/03/2022,google ads
78,78,Rebecca Richards,female,"Flat 74, Ward well, East Andreaville, G74 3JR",06/06/1946,r****r6@yahoo.com,179,70,04/01/2022,SN0078,r****r6@yahoo.com,13,13/03/2022,direct
187,187,Rosie Ward,female,"Flat 4, Katie mission, Watkinschester, SE26 5AN",29/08/1952,r*******w@gmail.com,155,60,04/03/2022,SN0187,r*******w@gmail.com,6,15/03/2022,offline
147,147,Carly Howard-Johnson,female,"42 Jacob burg, Gillfurt, AB34 4YJ",05/09/1953,c******ho27@gmail.com,180,61,25/03/2022,SN0147,c******ho27@gmail.com,1,16/03/2022,offline
38,38,Dr Douglas Turner,male,"12 Harriet skyway, East Rebecca, BT92 5FD",01/02/1976,d****do@hotmail.com,166,68,30/03/2022,SN0038,d****do@hotmail.com,5,17/03/2022,direct
70,70,Benjamin White,male,"0 Megan meadow, Albertmouth, NR28 0SQ",19/02/1962,b******w@gmail.com,187,62,30/03/2022,SN0070,b******w@gmail.com,7,17/03/2022,offline
112,112,Dr Carol O'Brien,female,"531 Mohamed extensions, Junemouth, KA8 0RE",23/07/1982,d*****ca@gmail.com,154,61,04/01/2022,SN0112,d*****ca@gmail.com,2,17/03/2022,social media
157,157,Dr Gillian Kelly,female,"Flat 67L, Lucy manors, Port Ashleymouth, B29 5BN",22/09/1986,d*******gi1@yahoo.com,152,46,05/01/2022,SN0157,d*******gi1@yahoo.com,9,20/03/2022,google ads
69,69,Dr Leanne Conway,female,"Studio 9, Williams drive, Smithville, HX2 8TG",26/08/1972,d****le@hotmail.com,154,61,05/01/2022,SN0069,d****le@hotmail.com,13,24/03/2022,direct
91,91,Dr Hugh Hale,male,"8 Clive knolls, Tobyberg, TR16 5PN",13/02/1995,d*******h@gmail.com,155,57,05/02/2022,SN0091,d*******h@gmail.com,3,26/03/2022,offline
169,169,Bruce Hughes,male,"502 Philip rapid, Williamschester, SY11 2HJ",21/12/1968,b*******hu@gmail.com,181,62,05/03/2022,SN0169,b*******hu@gmail.com,5,26/03/2022,direct
141,141,Beth Morris-Lloyd,female,"22 Powell fields, New Jennaberg, PO19 6TE",26/03/1964,b****mo96@gmail.com,164,67,05/03/2022,SN0141,b****mo96@gmail.com,10,31/03/2022,social media
16,16,Brandon Morgan,male,"8 Phillip meadow, Dianaburgh, CH48 5DQ",02/08/1951,b******m@hotmail.com,188,88,05/02/2022,SN0016,b******m@hotmail.com,2,01/04/2022,offline
186,186,Jodie Nicholson,female,"Flat 53p, Denis land, Lewisstad, L34 9HX",23/10/2001,j*****n@gmail.com,172,73,05/01/2022,SN0186,j*****n@gmail.com,10,06/04/2022,direct
87,87,Christine Johnson,female,"Studio 38, Davidson dale, West Jessicaville, WD25 8DF",23/07/1965,c*******j48@yahoo.com,154,56,05/01/2022,SN0087,c*******j48@yahoo.com,3,16/04/2022,offline
7,7,Ryan Begum,male,"Flat 8, Judith burgs, Taylorside, SK1 4NB",13/01/1965,r*****b65@gmail.com,182,62,05/02/2022,SN0007,r*****b65@gmail.com,9,18/04/2022,google ads
75,75,Sandra White,female,"Flat 14, Charlotte tunnel, South Shanebury, DN1 3ST",05/12/1971,s*******w@gmail.com,177,62,05/03/2022,SN0075,s*******w@gmail.com,1,22/04/2022,social media
165,165,Wendy Baxter,female,"8 Charlene valleys, Port Damien, M40 1HB",26/05/1983,w****ba@yahoo.com,164,64,05/03/2022,SN0165,w****ba@yahoo.com,9,22/04/2022,google ads
182,182,Caroline Booth-Whitehead,female,"38 Lorraine road, Rogerland, ST6 6HR",12/11/1949,c*******bo3@gmail.com,163,66,05/03/2022,SN0182,c*******bo3@gmail.com,5,24/04/2022,google ads
65,65,Diana Smith,female,"90 Barry village, Karenfort, PL6 7DG",18/03/1947,d*****sm@hotmail.com,160,51,06/01/2022,SN0065,d*****sm@hotmail.com,3,25/04/2022,social media
149,149,Chelsea Mitchell,female,"9 Evans vista, North Patricia, IG9 5DW",17/10/1970,c*****mi@hotmail.com,169,57,06/03/2022,SN0149,c*****mi@hotmail.com,7,15/05/2022,social media
219,219,Rhys Kemp,unknown,"Flat 5, Gary port, West Josephinehaven, IP6 9FW",02/09/1944,r******ke@gmail.com,151,52,06/03/2022,SN0219,r******ke@gmail.com,3,18/05/2022,google ads
231,231,Mr Mohamed Collins,male,"7 Macdonald mountain, Normanside, BH16 5NG",13/10/2000,m*******m@gmail.com,168,50,07/01/2022,SN0231,m*******m@gmail.com,3,23/05/2022,offline
48,48,Cheryl Morgan,female,"26 Jessica mall, Elaineville, KY12 7AS",24/11/1990,c****m@gmail.com,160,53,07/02/2022,SN0048,c****m@gmail.com,2,28/05/2022,social media
208,208,Joanna Field,female,"562 Maurice forks, South Nicole, MK3 6JJ",07/01/1991,j****fi@yahoo.com,153,53,07/03/2022,SN0208,j****fi@yahoo.com,2,05/06/2022,offline
227,227,Judith Harvey,female,"Flat 17s, Chloe shoal, Aimeefurt, WN4 0AR",28/10/1978,j****ha47@hotmail.com,161,51,07/01/2022,SN0227,j****ha47@hotmail.com,0,12/06/2022,social media
74,74,Charlotte Wilkinson-Patel,female,"Studio 4, Carolyn flat, Andersonton, BT48 0QW",28/11/1951,c*******w@gmail.com,182,86,08/01/2022,SN0074,c*******w@gmail.com,2,19/06/2022,social media
190,190,Graham Gallagher-Gill,male,"107 George villages, Georgiaport, BS26 2FH",12/03/1984,g*******ga@gmail.com,154,52,07/03/2022,SN0190,g*******ga@gmail.com,4,23/06/2022,google ads
213,213,Mr Damien Bailey,male,"Studio 73, Sharon orchard, Lake Joel, IG7 4DU",19/10/1944,m******d@yahoo.com,180,48,08/03/2022,SN0213,m******d@yahoo.com,4,25/06/2022,social media
247,247,Miss Victoria Stevens,female,"Flat 46, Gibbs trafficway, Amandashire, E15 4QB",05/07/1977,m******vi77@yahoo.com,182,69,08/02/2022,SN0247,m******vi77@yahoo.com,3,27/06/2022,offline
125,125,Dr Joe Curtis,male,"066 West junctions, North Mitchell, BT32 5JX",30/07/1996,d*******j@gmail.com,150,42,08/01/2022,SN0125,d*******j@gmail.com,4,17/07/2022,social media
119,119,Steven Walker,male,"Studio 9, Rosie court, South Mariantown, UB2 5DN",26/02/1983,s******w@hotmail.com,167,66,08/01/2022,SN0119,s******w@hotmail.com,5,20/07/2022,direct
61,61,Ms Samantha Jennings,female,"Flat 69, Bryan causeway, West Rebecca, IV6 7UH",03/11/1995,m*******s@hotmail.com,159,65,09/02/2022,SN0061,m*******s@hotmail.com,9,25/07/2022,offline
4,4,Kimberley Taylor,female,"Flat 0, Thomas trace, New Tom, KY8 2EU",20/04/1978,k*****ta@gmail.com,182,82,09/02/2022,SN0004,k*****ta@gmail.com,10,26/07/2022,direct
216,216,Kirsty Mills-Scott,female,"Studio 5, Rosie cliffs, Smithport, PR6 6NY",10/01/1943,k******mi79@gmail.com,162,49,10/01/2022,SN0216,k******mi79@gmail.com,4,21/08/2022,social media
121,121,Scott Marshall,male,"9 Graham gateway, Jacquelinestad, DN36 5RR",22/09/1950,s****ma@gmail.com,166,60,10/03/2022,SN0121,s****ma@gmail.com,3,31/08/2022,social media
129,129,Charlotte Cross-Johnson,female,"25 Sian bridge, South Natasha, N1 2BY",17/09/1991,c******c22@yahoo.com,185,75,10/02/2022,SN0129,c******c22@yahoo.com,5,04/09/2022,social media
37,37,Ashleigh Cunningham,female,"Flat 9, Charlene island, Evanschester, B43 6QG",05/11/1958,a****c@hotmail.com,183,83,10/01/2022,SN0037,a****c@hotmail.com,4,06/09/2022,direct
215,215,Reece Connolly-Fuller,male,"Flat 57, Burns common, Kennethburgh, PO7 5RP",29/08/2000,r****c@gmail.com,152,57,10/03/2022,SN0215,r****c@gmail.com,5,16/09/2022,direct
154,154,Mr Adam Morton,male,"Flat 57, Harris creek, South Francescahaven, B15 2GA",11/02/1955,m******ad@hotmail.com,151,45,10/03/2022,SN0154,m******ad@hotmail.com,4,19/09/2022,social media
133,133,Alan Evans,male,"6 Charlton glens, Hollyton, DH4 7AY",15/03/1974,a******e@yahoo.com,174,42,10/03/2022,SN0133,a******e@yahoo.com,5,21/09/2022,direct
175,175,Dr Bruce Horton,male,"Flat 03, Eileen groves, South Beth, SY20 9ND",30/03/1999,d******br32@gmail.com,155,45,10/03/2022,SN0175,d******br32@gmail.com,9,23/09/2022,social media
136,136,Karl Wilson,male,"5 Lindsey squares, Victorville, WA8 8YE",04/08/1972,k*******w@gmail.com,185,68,11/02/2022,SN0136,k*******w@gmail.com,3,24/09/2022,social media
58,58,Ms Paula Marshall,female,"8 Clark point, Lake Gail, B16 8AL",16/03/1999,m****p@hotmail.com,182,86,11/01/2022,SN0058,m****p@hotmail.com,4,25/09/2022,direct
198,198,Zoe Williams,female,"17 Janet grove, Ingrambury, RG7 4RJ",06/01/1979,z****w@hotmail.com,162,68,11/02/2022,SN0198,z****w@hotmail.com,4,26/09/2022,direct
241,241,Colin Peacock-Pearson,male,"784 Thomas shores, South Graham, N1 3EG",06/05/1984,c*****pe@yahoo.com,173,65,11/03/2022,SN0241,c*****pe@yahoo.com,7,27/09/2022,social media
64,64,Dr Christian Begum,male,"Studio 63, Marcus keys, New James, TN6 2DQ",03/08/1984,d*****c81@gmail.com,186,65,11/01/2022,SN0064,d*****c81@gmail.com,2,05/10/2022,offline
200,200,Paula Jones,female,"Flat 59d, Johnson branch, South Marctown, E15 1XL",29/12/1945,p*******jo@hotmail.com,166,66,12/01/2022,SN0200,p*******jo@hotmail.com,3,22/10/2022,direct
76,76,Naomi Palmer,female,"Flat 78, David roads, Ruthborough, NE4 9UX",12/11/1971,n*****p@gmail.com,164,53,12/02/2022,SN0076,n*****p@gmail.com,4,23/10/2022,social media
98,98,Shannon Harris,female,"982 Stevens circles, New Joanne, M33 4GW",17/10/1993,s*******ha@gmail.com,151,54,12/01/2022,SN0098,s*******ha@gmail.com,3,29/10/2022,google ads
63,63,Lynn Ingram,female,"Studio 85, Sutton lights, Port Ricky, BA1 2XB",19/07/1949,l*******i@gmail.com,180,68,12/01/2022,SN0063,l*******i@gmail.com,7,04/11/2022,google ads
99,99,Terence Arnold,male,"Studio 3, Marshall tunnel, East Dianeburgh, DE72 3AW",02/08/1987,t******ar91@yahoo.com,163,39,12/03/2022,SN0099,t******ar91@yahoo.com,7,18/11/2022,direct
97,97,Olivia Dawson-Cox,female,"Flat 53e, Patrick shores, Amyberg, AB41 8DP",06/01/1997,o******d@gmail.com,155,45,12/02/2022,SN0097,o******d@gmail.com,9,22/11/2022,offline
