user_id,name,gender,address,date_of_birth,email_address,height_cm,weight_kg,account_create_date,bike_serial
0,Mrs Katie Hudson,female,"979 Marcus mall,Mitchellside,B5 9PA",23/10/1960,m*****ka@yahoo.com,171,49,02/03/2022,SN0000
1,Mr Sam Simmons,male,"Studio 77U,Arthur lock,Tomchester,B22 4DL",25/09/1995,m*******sa@gmail.com,,53,29/01/2022,SN0001
1,Mr Sam Simmons,male,"Studio 77U,Arthur lock,Tomchester,B22 4DL",25/09/1995,m*******sa@gmail.com,164,53,29/01/2022,SN0001
2,Lorraine Bentley,female,"Flat 89,Williams avenue,Katieville,SE10 0JT",22/03/1966,l******be@hotmail.com,177,87,13/03/2022,SN0002
3,Ms Kimberley Walker,female,"6 Cameron freeway,Beverleymouth,HD94 8BE",22/04/1975,m******ki@hotmail.com,179,76,05/12/2021,SN0003
4,Kimberley Taylor,female,"Flat 0,Thomas trace,New Tom,E0 3BZ",20/04/1978,k*****ta@gmail.com,182,82,09/02/2022,SN0004
5,Tony Moore,male,"Flat 4,Miah plaza,New Judithville,L0T 2RT",10/11/2001,t******m64@yahoo.com,181,75,21/01/2022,SN0005
6,Dr Ronald Potter,male,"Flat 81k,Charlie islands,West Janethaven,W26 8XU",18/03/1970,d****r1@gmail.com,176,49,04/12/2021,SN0006
7,Ryan Begum,male,"Flat 8,Judith burgs,Taylorside,HS85 8ZR",13/01/1965,r*****b65@gmail.com,182,62,05/02/2022,SN0007
8,Connor Bell,male,"8 Josh ranch,Daviesstad,WS15 7NE",26/10/1961,c****be@gmail.com,184,74,23/01/2022,SN0008
9,Eric Young,male,"Studio 66,Hyde ways,Taylortown,ZE7A 8ZB",02/04/1966,e******y70@hotmail.com,176,65,30/03/2022,SN0009
10,Dr Anne Murray,female,"824 Farrell rest,Cartwrightmouth,MK26 1PN",28/11/1970,d****a@gmail.com,168,53,05/12/2021,SN0010
11,Glen Foster,male,"11 James way,Dannytown,M7S 1TF",24/10/1996,g****fo@yahoo.com,,77,26/02/2022,SN0011
12,Mrs Donna Richardson,female,"427 Carter locks,Turnerfort,PO4 5NP",09/03/1965,m******do@gmail.com,154,37,22/02/2022,SN0012
13,Brenda Harris,female,"2 Clifford glens,Emilyhaven,WF2R 5YF",15/12/1965,b*****h62@gmail.com,158,49,09/12/2021,SN0013
13,Brenda Harris,female,"2 Clifford glens,Emilyhaven,WF2R 5YF",15/12/1965,b*****h62@gmail.com,158,49,09/12/2021,SN0013
14,Lee Fuller,male,"882 Green mews,Kevinfurt,S19 6JA",20/12/1964,l****f@hotmail.com,178,82,20/02/2022,SN0014
15,Mr Howard Baker,male,"650 Dodd locks,Robertsberg,TS59 6TZ",03/02/1960,m******ho@gmail.com,177,68,21/03/2022,SN0015
16,Brandon Morgan,male,"8 Phillip meadow,Dianaburgh,HP8X 0JT",02/08/1951,b******m@hotmail.com,188,88,05/02/2022,SN0016
17,Mrs Rosie Pearce,female,"Flat 7,Richard island,Rowestad,S57 2ND",31/03/1991,m****ro22@yahoo.com,182,59,16/03/2022,SN0017
18,Stanley Green-Clark,male,"Flat 9,Vanessa haven,Ahmedfort,SL97 4NJ",09/10/1992,s****gr@yahoo.com,189,67,22/02/2022,SN0018
19,Chelsea Ellis-Kelly,female,"Flat 8,Butler ports,North Geraldinemouth,DN12 8FQ",07/10/1964,c****el@hotmail.com,150,56,27/03/2022,SN0019
20,Joe Gardner,male,"Studio 9,Danny fall,South Brianbury,CV14 2RD",05/05/1955,j*******g@gmail.com,162,60,01/01/2022,SN0020
21,Hayley Parker-Clark,female,"019 Gail light,South Edwardland,DA5 7FB",10/01/1967,h*****pa@gmail.com,165,54,28/02/2022,SN0021
22,Shane Hale,male,"Studio 8,Francis trail,West Jennifer,W9 7ZA",14/05/1949,s******ha4@gmail.com,181,58,14/03/2022,SN0022
23,Mr William Taylor,male,"6 Bates view,Kellyville,E7G 1UT",28/03/1943,m****wi@gmail.com,165,49,02/03/2022,SN0023
24,Lydia Ali,female,"Flat 07,Ashleigh plain,Harrisfort,EC17 1ET",25/09/1960,l****a@gmail.com,185,61,29/01/2022,SN0024
25,Dr Declan Smith,male,"07 Newton light,New Sara,BN90 1ZR",15/12/1993,d*******d28@hotmail.com,162,60,23/01/2022,SN0025
26,Richard Stephens-Evans,male,"71 Tracy glens,North George,BT4 5WS",05/12/2000,r*******st@gmail.com,159,55,16/02/2022,SN0026
27,Dr Simon Smith,male,"Studio 3,Cooper mountains,Michelleside,L2 9SQ",05/03/1992,d*******s33@gmail.com,182,79,26/02/2022,SN0027
28,Mr Andrew Knight,male,"597 Heather freeway,West Brandon,NR0N 5ZY",23/09/1999,m****a@hotmail.com,156,58,16/03/2022,SN0028
29,Mr Antony Davey,male,"Studio 90L,Warner track,Mooreport,L1 4LQ",24/10/1961,m*******an@gmail.com,,71,14/12/2021,SN0029
30,Paula Jones,female,"99 Damien keys,South Dylan,EH74 3RX",08/12/1958,p****jo@yahoo.com,162,60,21/03/2022,SN0030
31,Frank Thorpe,male,"Flat 74Z,Young plain,Georgemouth,DY3 5DX",15/12/1946,f****t@hotmail.com,186,65,29/12/2021,SN0031
32,Thomas Barrett,male,"488 George creek,Jeremyborough,IP29 5HU",14/09/1978,t****b93@hotmail.com,162,62,13/02/2022,SN0032
33,Kelly Pearson,female,"Flat 46I,Martin gardens,Robinsonmouth,SW4 3ZB",29/11/1970,k*****pe@gmail.com,181,58,18/02/2022,SN0033
34,Olivia Carter,female,"915 Webb flat,Davisonborough,M1A 8QG",24/03/1975,o*******ca@gmail.com,155,48,21/12/2021,SN0034
35,Gregory Martin,male,"1 Jane canyon,New Lisa,M3 0XG",23/09/1981,g*******m86@hotmail.com,152,50,14/12/2021,SN0035
36,Dr Joseph Johnson,male,"Studio 1,Chamberlain estates,South Graham,L49 9DT",19/08/1991,d*****jo@hotmail.com,155,60,14/03/2022,SN0036
37,Ashleigh Cunningham,female,"Flat 9,Charlene island,Evanschester,E75 3YY",05/11/1958,a****c@hotmail.com,183,83,10/01/2022,SN0037
38,Dr Douglas Turner,male,"12 Harriet skyway,East Rebecca,N1 8NQ",01/02/1976,d****do@hotmail.com,166,68,30/03/2022,SN0038
39,Dr Joel Clarke,male,"Flat 80j,Robin oval,Simonview,HS09 9FW",18/04/1967,d*******jo30@gmail.com,166,71,02/03/2022,SN0039
40,Emma Lloyd,female,"Flat 2,Bruce avenue,Frederickburgh,NW6 3NF",05/12/1954,e*****ll@gmail.com,154,49,15/02/2022,SN0040
41,Neil Thomas-Holt,male,"702 Duncan curve,Nigelmouth,N02 9TS",23/09/1996,n*****th@gmail.com,156,48,15/01/2022,SN0041
42,Ms Stacey Walsh,female,"94 Damien mountains,Lake Dawnville,W9 3JB",23/07/1993,m*****s49@yahoo.com,162,44,28/03/2022,SN0042
43,Claire Butler-Hughes,female,"95 Lorraine island,New George,WR2 0FB",12/04/1966,c****bu89@yahoo.com,158,44,28/02/2022,SN0043
44,Catherine Patel,female,"27 Wilkinson garden,West Edward,DG0W 3LA",22/08/1964,c******p8@gmail.com,189,82,01/01/2022,SN0044
45,Glenn Doyle,male,"27 Zoe cove,Port Gary,G4 0WJ",07/11/1961,g****do@gmail.com,155,60,18/02/2022,SN0045
46,Jean Robinson,male,"0 Turnbull mountain,West Ross,CH42 9RN",18/07/1962,j*******r@gmail.com,162,65,20/01/2022,SN0046
47,Rachel Hill,female,"6 Palmer ford,Adamsberg,SE7 6YG",25/06/1982,r******hi82@yahoo.com,175,58,06/12/2021,SN0047
48,Cheryl Morgan,female,"26 Jessica mall,Elaineville,SK59 5UN",24/11/1990,c****m@gmail.com,160,53,07/02/2022,SN0048
49,Jenna Wheeler,female,"0 Wells lane,Lake Jeremyside,B23 8LY",18/02/1951,j******wh@hotmail.com,181,72,15/03/2022,SN0049
50,Mr Gerald Fry,male,"Studio 78E,May mountains,North Craig,S0 4UL",20/01/1948,m******ge@hotmail.com,174,42,29/12/2021,SN0050
51,Lynn Barton-Davis,female,"04 Hill summit,Shahport,W36 2QS",13/02/2000,l******ba@gmail.com,182,52,13/12/2021,SN0051
52,Dominic Jones,male,"Studio 94,Bethan spur,South Lindsey,AL2 5HB",25/07/1986,d*******jo@yahoo.com,183,77,01/12/2021,SN0052
53,Emily Palmer,female,"Flat 27,Jenkins hill,Paynefurt,GY4 4HF",22/01/1970,e******pa@yahoo.com,157,51,04/12/2021,SN0053
54,Mr Joseph Webster,male,"9 Hayward island,Goodwinshire,W6 8AG",12/09/1949,m*****jo@gmail.com,165,51,16/03/2022,SN0054
55,Joyce Evans,female,"7 Mohammed mission,South Ameliaport,DY91 4HP",04/11/1956,j******e@gmail.com,,69,28/12/2021,SN0055
56,Miss Anna Burton,female,"Flat 85,Dale drive,Marionborough,KY5 7JU",23/05/1968,m****an75@yahoo.com,188,63,25/01/2022,SN0056
57,Dr Jack Ahmed,male,"45 Wood expressway,Gemmabury,L2F 1BZ",19/01/2001,d****ja@gmail.com,178,76,04/12/2021,SN0057
58,Ms Paula Marshall,female,"8 Clark point,Lake Gail,M70 8NH",16/03/1999,m****p@hotmail.com,182,86,11/01/2022,SN0058
59,Katherine Smith,female,"Studio 42m,Tyler harbor,Port Conorside,DA4H 5QQ",14/03/1977,k*****sm@yahoo.com,176,58,03/01/2022,SN0059
60,Colin Singh,male,"5 Harriet islands,East Sheilaside,WA1 9ER",20/03/1955,c****s@hotmail.com,161,754,02/12/2021,SN0060
61,Ms Samantha Jennings,female,"Flat 69,Bryan causeway,West Rebecca,G0U 2ZY",03/11/1995,m*******s@hotmail.com,159,65,09/02/2022,SN0061
62,Darren King-Fox,male,"357 Williams mountain,Port Charlesmouth,DD3A 6PY",26/10/1945,d****ki19@yahoo.com,176,71,18/12/2021,SN0062
63,Lynn Ingram,female,"Studio 85,Sutton lights,Port Ricky,NW0P 8HN",19/07/1949,l*******i@gmail.com,180,68,12/01/2022,SN0063
64,Dr Christian Begum,male,"Studio 63,Marcus keys,New James,DT93 3LE",03/08/1984,d*****c81@gmail.com,186,65,11/01/2022,SN0064
65,Diana Smith,female,"90 Barry village,Karenfort,DA7P 0AL",18/03/1947,d*****sm@hotmail.com,160,51,06/01/2022,SN0065
66,Gordon Martin-Rogers,male,"Studio 0,Elliott trail,Port Ritatown,W2 2DZ",27/07/1982,g****ma@yahoo.com,165,65,17/02/2022,SN0066
67,Matthew Leach,male,"Flat 40,Ward place,South Carolyntown,TR97 2JY",01/01/1960,m******l70@gmail.com,187,41,05/12/2021,SN0067
68,Elliott Rose,male,"Flat 83j,Evans plains,Scottstad,L7U 8ZL",26/10/1997,e*****r37@hotmail.com,173,44,18/12/2021,SN0068
69,Dr Leanne Conway,female,"Studio 9,Williams drive,Smithville,PL7 4LN",26/08/1972,d****le@hotmail.com,154,61,05/01/2022,SN0069
70,Benjamin White,male,"0 Megan meadow,Albertmouth,W8 8DH",19/02/1962,b******w@gmail.com,187,62,30/03/2022,SN0070
71,Heather Harris,female,"Studio 22w,Declan islands,Sharpbury,KT29 2PJ",31/01/1949,h*****ha@gmail.com,165,40,06/12/2021,SN0071
72,Stacey Smith,female,"2 Brown walk,West Darren,W29 2LG",24/11/1981,s*****s@gmail.com,154,49,24/12/2021,SN0072
73,Shirley Horton,female,"Flat 25Y,Denis spurs,Port Sarahport,L1 1SX",21/12/1971,s*****h@hotmail.com,163,61,16/02/2022,SN0073
74,Charlotte Wilkinson-Patel,female,"Studio 4,Carolyn flat,Andersonton,M2A 5TN",28/11/1951,c*******w@gmail.com,182,86,08/01/2022,SN0074
75,Sandra White,female,"Flat 14,Charlotte tunnel,South Shanebury,B9 0JF",05/12/1971,s*******w@gmail.com,177,62,05/03/2022,SN0075
76,Naomi Palmer,female,"Flat 78,David roads,Ruthborough,N1B 5UQ",12/11/1971,n*****p@gmail.com,164,53,12/02/2022,SN0076
77,Dr Grace Parker,female,"4 Kimberley harbors,South Darren,PR2W 3TP",25/11/1973,d*******gr@yahoo.com,173,53,15/01/2022,SN0077
78,Rebecca Richards,female,"Flat 74,Ward well,East Andreaville,L28 8ZN",06/06/1946,r****r6@yahoo.com,179,70,04/01/2022,SN0078
79,Dr Alison O'Connor,female,"Studio 11,Robinson lake,Lake Rickyton,HU3 3BG",03/04/1988,d*******a@yahoo.com,,51,22/01/2022,SN0079
80,Victor Houghton,male,"715 Robert vista,East Conor,EH7 1ST",18/03/1967,v*******h99@gmail.com,153,32,31/01/2022,SN0080
81,Mr Gordon Ross,male,"01 Lloyd terrace,North Alexandra,M22 6LL",25/03/1957,m****go@yahoo.com,187,55,25/01/2022,SN0081
82,Terence Birch,male,"Studio 45,Simpson meadow,Stephensonville,B36 4WJ",27/07/1971,t*****bi@yahoo.com,168,47,01/03/2022,SN0082
83,Fiona Cameron-Evans,female,"Flat 77S,Morgan key,Maureenport,LL8 2ED",16/12/1965,f*******c@hotmail.com,168,62,16/12/2021,SN0083
84,Max Wilson,male,"5 Lambert junctions,Geoffreyfurt,N4 7QP",04/03/1985,m*****w@hotmail.com,187,87,03/03/2022,SN0084
85,Sara Smith,female,"627 Michael run,Poolemouth,S4W 0TJ",16/11/1990,s******sm@hotmail.com,173,77,14/12/2021,SN0085
86,Andrea Howells,female,"62 Farrell square,Bernardview,CW5 7NJ",14/02/1998,a*****h@yahoo.com,156,51,21/02/2022,SN0086
87,Christine Johnson,female,"Studio 38,Davidson dale,West Jessicaville,L74 1AX",23/07/1965,c*******j48@yahoo.com,154,56,05/01/2022,SN0087
88,Darren Alexander,male,"Flat 40b,Allen spur,Alanborough,LS1N 4QN",09/11/1965,d*****al@gmail.com,161,57,19/12/2021,SN0088
89,Kenneth Dale,male,"9 Bibi knoll,North Dannybury,CV49 4ZB",25/12/1998,k******d@gmail.com,172,2,25/12/2021,SN0089
90,Luke Pearce,male,"8 Young island,Lake Rogerborough,WV02 6BH",20/08/1974,l*******pe@gmail.com,168,53,13/12/2021,SN0090
91,Dr Hugh Hale,male,"8 Clive knolls,Tobyberg,W2D 6UA",13/02/1995,d*******h@gmail.com,155,57,05/02/2022,SN0091
92,Justin Rogers,male,"Studio 81y,Callum flats,Lynnefurt,HS8 4HR",28/09/1967,j******r@gmail.com,179,86,08/12/2021,SN0092
93,Derek Young,male,"70 Denis parkways,Port Connor,L7 4UJ",19/04/1956,d******y@gmail.com,181,72,22/01/2022,SN0093
94,Alison Davies,female,"Flat 35,Keith mountains,Simmonsmouth,BB9R 7PR",26/08/1964,a*******d@gmail.com,167,66,30/03/2022,SN0094
95,Shane Lewis,male,"250 White green,Terrystad,PL59 7HU",20/01/2001,s*****l@hotmail.com,171,64,16/12/2021,SN0095
96,Vincent Lee,male,"903 Pearson underpass,Gregoryberg,S0 8NL",29/11/1974,v******l@gmail.com,164,59,15/02/2022,SN0096
97,Olivia Dawson-Cox,female,"Flat 53e,Patrick shores,Amyberg,S6U 5PG",06/01/1997,o******d@gmail.com,155,45,12/02/2022,SN0097
98,Shannon Harris,female,"982 Stevens circles,New Joanne,RG0 6FT",17/10/1993,s*******ha@gmail.com,151,54,12/01/2022,SN0098
99,Terence Arnold,male,"Studio 3,Marshall tunnel,East Dianeburgh,G2 8HB",02/08/1987,t******ar91@yahoo.com,163,39,12/03/2022,SN0099
100,Mandy Middleton,female,"774 Morton trail,Davidmouth,M74 8TF",29/09/1971,m*******m@gmail.com,,100,15/03/2022,SN0100
101,Louise King,female,"51 Bradley skyway,Lucasborough,L35 9XT",03/05/1953,l****ki93@hotmail.com,152,48,18/03/2022,SN0101
102,Kerry Hicks,female,"Studio 8,Jay square,West Allanside,IG12 8NP",11/02/1960,k*******h@gmail.com,160,51,14/02/2022,SN0102
103,Roy Henderson,male,"Flat 91w,Karen loaf,South Laura,M2 9NG",22/06/1991,r******h@yahoo.com,159,58,24/02/2022,SN0103
104,Mr Steven Clarke,male,"2 Gray loaf,Kerrytown,W13 2ZL",17/01/1998,m****s71@gmail.com,159,55,22/01/2022,SN0104
105,Ruth Harris,female,"64 Kenneth station,West Shaneville,RH6 7WN",03/01/1978,r*******ha29@yahoo.com,159,58,14/02/2022,SN0105
106,Mr Elliott Francis,male,"Studio 1,Julia pike,South Alexandra,WN3M 0RW",07/02/1948,m******e@gmail.com,189,89,25/03/2022,SN0106
107,Dr Alison Thorpe,female,"884 David mall,Benjamintown,DL27 7AE",13/01/2000,d******al3@hotmail.com,183,70,13/03/2022,SN0107
108,Damien Hughes,male,"Flat 47,Kay estate,Bennettbury,TR9 3LY",20/10/1951,d*****hu33@hotmail.com,186,86,13/12/2021,SN0108
109,Frances Davis-Pearson,female,"422 Karl junction,South Hollieton,EC77 8XB",30/06/1975,f*******d@gmail.com,162,57,09/12/2021,SN0109
110,Gareth Carey-Farmer,male,"Studio 9,Gordon roads,Hutchinsonborough,B2 8PD",09/06/1965,g****ca@gmail.com,162,47,28/02/2022,SN0110
111,Luke Murray-Stanley,male,"27 Storey landing,Jamesfurt,WV70 6WL",01/12/1961,l******m@gmail.com,181,78,19/01/2022,SN0111
112,Dr Carol O'Brien,female,"531 Mohamed extensions,Junemouth,N13 4ZQ",23/07/1982,d*****ca@gmail.com,154,61,04/01/2022,SN0112
113,Julia Wright,female,"632 Frederick mills,Denisechester,ME8Y 7BT",31/05/1949,j******wr38@gmail.com,166,57,20/03/2022,SN0113
114,Lucy Walton-Walsh,female,"00 Ricky mews,New Mitchellville,G48 9WF",17/01/1956,l*****wa@hotmail.com,182,62,04/12/2021,SN0114
115,Frank Williams,male,"473 Lewis ferry,Judithchester,M0K 3QR",03/12/1984,f******wi@gmail.com,171,76,29/01/2022,SN0115
116,Alice Bell,female,"Flat 4,Baker ranch,Port Clare,E52 4DN",09/05/1999,a*****be@yahoo.com,156,60,15/02/2022,SN0116
117,Patricia Woodward-Lane,female,"Studio 03,Turner passage,Port Kayleighstad,E9U 1NJ",02/08/1961,p*******wo41@gmail.com,168,64,13/02/2022,SN0117
118,Dr Jonathan Hall,male,"Studio 7,Glen cove,North Gareth,M6 6GS",12/08/1950,d*****jo9@gmail.com,171,73,02/02/2022,SN0118
119,Steven Walker,male,"Studio 9,Rosie court,South Mariantown,B8 6NZ",26/02/1983,s******w@hotmail.com,167,66,08/01/2022,SN0119
120,Hilary Watts,female,"Flat 45,Morgan row,West Debra,EX6P 8HG",26/08/1970,h******wa@gmail.com,187,73,13/12/2021,SN0120
121,Scott Marshall,male,"9 Graham gateway,Jacquelinestad,M2 9NZ",22/09/1950,s****ma@gmail.com,166,60,10/03/2022,SN0121
122,Justin Lee,male,"13 Arnold orchard,Port Emmaland,SL9Y 4BA",13/04/1972,j******le25@yahoo.com,167,50,01/03/2022,SN0122
123,Mr Damien Ellis,male,"07 Parker springs,East Anthony,TW7 4RF",18/10/1946,m*******d@gmail.com,155,60,14/02/2022,SN0123
124,Robin Moore-Willis,male,"Flat 39,Ashleigh tunnel,Clarkside,PA0 6FJ",21/09/1959,r*******mo@gmail.com,178,66,09/12/2021,SN0124
125,Dr Joe Curtis,male,"066 West junctions,North Mitchell,FK5 3DT",30/07/1996,d*******j@gmail.com,150,4362,08/01/2022,SN0125
126,Dr Geoffrey Williams,male,"839 Turner plaza,Justinville,DY8 4GW",17/06/1980,d******g@gmail.com,154,56,23/12/2021,SN0126
127,Olivia Bradley,female,"Studio 17,Page manor,Wardview,TD9V 2EE",24/11/1967,o******b@yahoo.com,,46,13/01/2022,SN0127
128,Ms Donna Howarth,female,"3 Marsh turnpike,Port Dominicport,G0 1PE",12/09/1966,m****d@gmail.com,161,59,31/12/2021,SN0128
129,Charlotte Cross-Johnson,female,"25 Sian bridge,South Natasha,HG19 5TN",17/09/1991,c******c22@yahoo.com,185,75,10/02/2022,SN0129
130,Alison Robinson,female,"Studio 64,Miah ports,West Brian,M51 2RF",23/09/1943,a******ro@yahoo.com,172,71,01/01/2022,SN0130
131,Reece Morris-Lowe,male,"Studio 56,Mitchell viaduct,Matthewsmouth,ME7A 4BW",19/05/1994,r****m@gmail.com,180,74,20/01/2022,SN0131
132,Ruth Freeman,female,"70 Bradshaw island,Lynnefort,B4S 7DF",17/01/1963,r*******f@gmail.com,179,60,10/12/2021,SN0132
133,Alan Evans,male,"6 Charlton glens,Hollyton,B7J 6RW",15/03/1974,a******e@yahoo.com,174,42,10/03/2022,SN0133
134,Teresa Hall-Pearce,female,"838 Lowe street,Morrisfort,N4J 1HR",07/05/1950,t*******h32@gmail.com,170,66,19/02/2022,SN0134
135,Jay Clarke,male,"Flat 6,Francis motorway,Adamsburgh,YO0 7JR",04/09/1981,j******c@hotmail.com,187,69,05/12/2021,SN0135
136,Karl Wilson,male,"5 Lindsey squares,Victorville,W9C 8DX",04/08/1972,k*******w@gmail.com,185,68,11/02/2022,SN0136
137,Ellie Collins,female,"Flat 1,Valerie ville,Robinmouth,B6F 9ST",28/05/1996,e*****co95@hotmail.com,182,76,03/01/2022,SN0137
138,Luke Owens,male,"Flat 00,Harding haven,East Rosieshire,HG9E 0LX",07/11/1957,l******ow58@yahoo.com,178,66,11/12/2021,SN0138
139,Charlotte King,female,"Studio 4,Georgina estates,East Danielle,LE66 1LE",06/12/1988,c*****ki@gmail.com,161,57,20/03/2022,SN0139
140,Jasmine Law,female,"Flat 4,Linda center,South Sara,B3W 8JX",13/11/2000,j*******l@yahoo.com,169,65,16/12/2021,SN0140
141,Beth Morris-Lloyd,female,"22 Powell fields,New Jennaberg,W1 9AD",26/03/1964,b****mo96@gmail.com,164,67,05/03/2022,SN0141
142,Kyle Wilson,female,"Flat 7,Shane summit,Natashaland,E2 4DY",08/10/1959,k******wi@yahoo.com,176,102,01/01/2022,SN0142
143,Eleanor Scott,female,"Flat 01D,Michael motorway,Carlyshire,G0G 9QQ",08/05/1950,e******s@hotmail.com,159,63,19/03/2022,SN0143
144,Mrs Katie Williams,female,"08 Jodie green,West Amanda,TD61 0GF",18/03/1959,m******k54@hotmail.com,169,59,22/01/2022,SN0144
145,Ms Carly Chan,female,"Flat 42A,Chelsea passage,Smithtown,E11 5GQ",21/11/1943,m*****c@gmail.com,175,55,15/12/2021,SN0145
146,Julian Bryant,male,"12 Charles spring,West Frank,E4 2GX",12/12/1947,j******br@hotmail.com,173,65,26/01/2022,SN0146
147,Carly Howard-Johnson,female,"42 Jacob burg,Gillfurt,W8 5EG",05/09/1953,c******ho27@gmail.com,180,61,25/03/2022,SN0147
148,Samuel Evans,male,"Flat 80w,O'Neill cape,Port Janice,B08 5QU",20/05/1950,s*****ev@yahoo.com,156,34,30/12/2021,SN0148
149,Chelsea Mitchell,female,"9 Evans vista,North Patricia,B7T 1XS",17/10/1970,c*****mi@hotmail.com,169,57,06/03/2022,SN0149
150,Ashleigh Welch-Barnett,female,"4 Joan trace,North Nicholas,SG38 1ZF",19/08/1976,a*****we@gmail.com,183,60,04/12/2021,SN0150
151,Jeffrey Armstrong,male,"1 Ann terrace,Lake Geoffrey,OL96 7GE",25/07/1953,j*******ar@gmail.com,186,100,15/03/2022,SN0151
152,Rosie Myers,female,"560 Johnston rest,Port Gerardside,WR43 3NL",07/05/1999,r****my@hotmail.com,171,76,08/12/2021,SN0152
153,Tina Thomas,female,"2 Howard valley,Chloeview,EC94 9BX",14/11/1976,t****t@gmail.com,151,38,01/01/2022,SN0153
154,Mr Adam Morton,male,"Flat 57,Harris creek,South Francescahaven,M9D 1XG",11/02/1955,m******ad@hotmail.com,151,45,10/03/2022,SN0154
155,Jade Bailey,female,"92 Smith summit,Lake Bryan,DH0W 5TL",16/10/2001,j****ba48@hotmail.com,172,59,17/03/2022,SN0155
156,Donald Thomas,male,"49 June rest,North Justinshire,HP87 1BG",01/04/1982,d******t46@gmail.com,176,74,03/02/2022,SN0156
157,Dr Gillian Kelly,female,"Flat 67L,Lucy manors,Port Ashleymouth,E4S 6JZ",22/09/1986,d*******gi1@yahoo.com,152,46,05/01/2022,SN0157
158,Josephine Taylor-Hayward,female,"Studio 07,Joseph village,New Karen,CT7 9PE",04/11/1968,j*****ta@hotmail.com,186,89,20/02/2022,SN0158
159,Eric Dean,male,"Studio 16,Naomi village,East Stanleyport,E7C 6XF",26/02/1970,e*****de43@hotmail.com,162,60,01/03/2022,SN0159
160,Adrian Hunter,male,"Flat 4,Adam avenue,Marianburgh,S74 6LB",07/09/1966,a*****hu73@gmail.com,173,65,15/03/2022,SN0160
161,Victor Fitzgerald-Allen,male,"Studio 25,Rosemary canyon,Leonfort,L6 8BE",10/06/1993,v*****f@hotmail.com,151,45,28/12/2021,SN0161
162,Pamela James,female,"Studio 18,Phillip camp,Port Charlotteburgh,E99 8HU",15/01/1988,p*****j77@gmail.com,168,73,06/12/2021,SN0162
163,Rosie Field-Khan,female,"0 Metcalfe shore,Mauriceville,SR4 1PW",20/04/1951,r*****f@gmail.com,161,49,18/02/2022,SN0163
164,Mr Phillip Robinson,male,"906 Hope shoal,New Joel,G2 7PN",26/08/1948,m*******ph33@gmail.com,155,55,30/12/2021,SN0164
165,Wendy Baxter,female,"8 Charlene valleys,Port Damien,CT69 5BB",26/05/1983,w****ba@yahoo.com,164,64,05/03/2022,SN0165
166,Mr Kieran Payne,male,"Studio 49j,Taylor crossing,Evansbury,DL7 6XS",01/10/1985,m*****ki18@hotmail.com,155,62,24/03/2022,SN0166
167,Clifford Bailey-Norton,male,"837 Price rapid,Ruthberg,NE4 1ZT",28/01/1989,c*****b@yahoo.com,187,76,08/12/2021,SN0167
168,Nicola Webb-Greenwood,female,"358 Sharp meadows,North Mollyburgh,L55 2YF",18/09/1960,n*****w@hotmail.com,167,52,18/01/2022,SN0168
169,Bruce Hughes,male,"502 Philip rapid,Williamschester,L8A 2LG",21/12/1968,b*******hu@gmail.com,,62,05/03/2022,SN0169
170,Tony Gill,male,"Studio 28b,Russell camp,South Lukechester,W36 4WN",26/07/1947,t******gi73@gmail.com,156,51,19/02/2022,SN0170
171,Sam Ferguson,male,"7 Leanne unions,North Emily,M9 4RX",10/04/1993,s*****f26@gmail.com,165,62,04/01/2022,SN0171
172,Mandy Williams,female,"Flat 69,Oliver ridge,Johnmouth,M9 6ZF",17/12/1994,m****wi@hotmail.com,180,84,13/01/2022,SN0172
173,Allan Barton,male,"90 Russell via,Flynnview,SO12 4UF",18/10/1980,a******b75@gmail.com,165,68,19/12/2021,SN0173
174,Kimberley Quinn,female,"866 Abigail mills,South Amelia,L2 2FB",16/08/1976,k****q@yahoo.com,180,61,02/02/2022,SN0174
175,Dr Bruce Horton,male,"Flat 03,Eileen groves,South Beth,S4 9WL",30/03/1999,d******br32@gmail.com,155,45,10/03/2022,SN0175
176,Leonard Jordan-Ball,male,"0 Charlie place,Alexanderton,W2 6HR",14/04/1970,l****j@yahoo.com,182,69,28/03/2022,SN0176
177,Mrs Amanda Chapman,female,"Flat 56a,Toby brook,Leontown,B6F 7FB",08/01/1984,m*******a61@gmail.com,172,59,29/01/2022,SN0177
178,Carly Gregory-Brown,female,"Flat 10,Harding run,Port Jeffreytown,IP2M 4GT",13/12/1944,c*******gr@hotmail.com,178,66,29/12/2021,SN0178
179,Callum Williams,male,"6 Randall landing,Lake Marie,N4 4PR",18/07/1988,c*****w@gmail.com,177,65,18/03/2022,SN0179
180,Heather Khan-Smith,female,"583 Rosemary ridges,New Rachel,B9A 8NW",14/01/1973,h*******kh@yahoo.com,151,31,09/12/2021,SN0180
181,Keith Wood,male,"6 Jean tunnel,New Danny,HP9 6SL",21/06/1964,k*****wo@hotmail.com,185,78,16/12/2021,SN0181
182,Caroline Booth-Whitehead,female,"38 Lorraine road,Rogerland,N4B 5DZ",12/11/1949,c*******bo3@gmail.com,163,66,05/03/2022,SN0182
183,Mr Mohammad Frost,male,"Flat 02,Bailey courts,Lisatown,TR2 9WL",25/03/1955,m****m@yahoo.com,174,63,07/12/2021,SN0183
184,Dr Philip Watson,male,"373 Jones drive,Gracestad,S0 1UR",21/12/1946,d****ph@hotmail.com,173,56,14/03/2022,SN0184
185,Rosie Young,female,"Studio 8,Karl estates,Port Royberg,BD2 3WU",02/02/1961,r*****y@yahoo.com,166,46,13/12/2021,SN0185
186,Jodie Nicholson,female,"Flat 53p,Denis land,Lewisstad,CV50 1BT",23/10/2001,j*****n@gmail.com,172,73,05/01/2022,SN0186
187,Rosie Ward,female,"Flat 4,Katie mission,Watkinschester,GL8W 3NG",29/08/1952,r*******w@gmail.com,155,60,04/03/2022,SN0187
188,Ms Harriet Foster,female,"68 Mark shoal,Hobbstown,LE8Y 2EP",29/11/1989,m*****h23@yahoo.com,183,70,21/03/2022,SN0188
189,Joyce Howard,female,"Studio 3,Marshall groves,Chapmanstad,B3 8AL",29/08/1980,j****ho@gmail.com,172,71,16/12/2021,SN0189
190,Graham Gallagher-Gill,male,"107 George villages,Georgiaport,W0B 3TT",12/03/1984,g*******ga@gmail.com,154,52,07/03/2022,SN0190
191,Caroline Lewis,female,"5 Phillips manor,New Maureenport,L8 9RE",04/11/1982,c*****l@gmail.com,180,68,17/02/2022,SN0191
192,Ross White,male,"Studio 07,Robert skyway,Harperborough,TF8 5HY",03/05/1988,r*******wh35@gmail.com,157,39,28/02/2022,SN0192
193,Mohammed Walsh,male,"63 Lisa rapid,West Kayleigh,NG9H 8UH",19/06/1943,m*******wa@gmail.com,158,62,22/03/2022,SN0193
194,Clare Smith,female,"531 Natalie pine,West Geraldine,S54 3QL",21/07/1960,c*******s@gmail.com,180,90,27/03/2022,SN0194
195,Duncan Lewis-Graham,male,"Flat 3,Roger island,Knightchester,TR2 7TR",08/05/1981,d*******l@gmail.com,186,79,23/03/2022,SN0195
196,Wayne Clark,male,"154 Peter drive,Port Jack,W50 8UT",05/02/1969,w*******cl40@yahoo.com,,68,23/01/2022,SN0196
197,Mr Mohammed Fisher,male,"81 John key,East Cameron,BB0 7LQ",02/03/1953,m******m32@hotmail.com,151,43,30/01/2022,SN0197
198,Zoe Williams,female,"17 Janet grove,Ingrambury,CV73 1UA",06/01/1979,z****w@hotmail.com,162,68,11/02/2022,SN0198
199,Daniel Bell,male,"361 Georgina plains,New Julie,KY6 3JF",07/05/1988,d*****b@hotmail.com,176,61,28/01/2022,SN0199
200,Paula Jones,female,"Flat 59d,Johnson branch,South Marctown,WR3 6UU",29/12/1945,p*******jo@hotmail.com,166,66,12/01/2022,SN0200
201,Beth Flynn,female,"0 Atkinson springs,Murphyfort,SR7 0QU",28/07/1945,b*******fl@yahoo.com,151,47,31/12/2021,SN0201
202,Benjamin Whitehead,male,"Flat 11Y,Raymond circle,Kyletown,DN7 6BZ",05/05/1947,b*****w64@gmail.com,169,59,30/01/2022,SN0202
203,Gavin Davies,male,"Studio 60b,Paula run,Aaronton,S12 3TN",19/04/1966,g****da@gmail.com,159,48,24/02/2022,SN0203
204,Mrs Hollie Gray,female,"Flat 45V,Nathan ramp,North Megan,WD2Y 8DW",13/08/1964,m******ho91@hotmail.com,179,73,05/12/2021,SN0204
205,Christine Hunt-Taylor,female,"Flat 90X,Lynda spur,Albertborough,SA8 4DF",23/12/1998,c*****h@hotmail.com,178,69,04/12/2021,SN0205
206,Garry Pollard,male,"Flat 34p,Deborah prairie,Port Lewis,G2 3GP",04/08/1990,g****po40@hotmail.com,169,59,21/02/2022,SN0206
207,Mrs Rebecca Iqbal,female,"Studio 54,Yvonne stream,Lake Owenstad,HG76 2PL",24/08/1994,m*******r@yahoo.com,189,85,15/03/2022,SN0207
208,Joanna Field,female,"562 Maurice forks,South Nicole,N12 2EU",07/01/1991,j****fi@yahoo.com,,53,07/03/2022,SN0208
209,Antony Green,male,"54 Molly keys,Westport,L7 8QD",30/09/1956,a******gr34@gmail.com,161,59,13/02/2022,SN0209
210,Stephen Bell,male,"373 Nicola mission,West Karlland,M9E 6YZ",07/11/1970,s*****be@hotmail.com,174,72,18/01/2022,SN0210
211,Eileen Burke,female,"Flat 9,Keith estate,Robertview,CM6 4WZ",31/03/1945,e*******bu@gmail.com,151,61,29/01/2022,SN0211
212,Paula Whitehead,female,"Flat 33,Elliot common,Port Clive,M1 2PH",10/09/1949,p*****wh@gmail.com,152,55,19/02/2022,SN0212
213,Mr Damien Bailey,male,"Studio 73,Sharon orchard,Lake Joel,TA1 0YB",19/10/1944,m******d@yahoo.com,180,48,08/03/2022,SN0213
214,Karen Houghton-Sharpe,female,"242 Greenwood lodge,New Louise,PE7 4WX",24/05/1999,k*******ho@gmail.com,182,72,27/01/2022,SN0214
215,Reece Connolly-Fuller,male,"Flat 57,Burns common,Kennethburgh,S9K 0SF",29/08/2000,r****c@gmail.com,152,57,10/03/2022,SN0215
216,Kirsty Mills-Scott,female,"Studio 5,Rosie cliffs,Smithport,G20 7SE",10/01/1943,k******mi79@gmail.com,162,49,10/01/2022,SN0216
217,Ms Michelle Jones,female,"Studio 69z,Gary harbor,North Dylan,E04 3ZL",28/04/1947,m*******m@gmail.com,187,52,07/12/2021,SN0217
218,Michelle Harrison-Warren,female,"Flat 5,Barnes isle,North Louismouth,LN5 4PN",12/08/1945,m*****ha78@yahoo.com,181,75,30/01/2022,SN0218
219,Rhys Kemp,unknown,"Flat 5,Gary port,West Josephinehaven,G1E 5SS",02/09/1944,r******ke@gmail.com,151,52,06/03/2022,SN0219
220,Clifford John,male,"979 Christian rapids,East Rhys,HA8 0QZ",22/10/1984,c******jo@yahoo.com,184,74,20/02/2022,SN0220
221,Grace O'Connor,female,"88 Jenkins ferry,New Paulafort,LU7 3YX",24/07/1982,g*******o'@hotmail.com,182,82,15/03/2022,SN0221
222,Dr Harry Price,male,"Flat 7,Eric stravenue,North Jayborough,FY8 2EE",14/06/1998,d*******h@yahoo.com,184,74,21/02/2022,SN0222
223,Dr Jacob Thomas,male,"43 Tracy orchard,Lake Christine,BH10 8BF",31/12/1965,d****j48@yahoo.com,161,62,16/01/2022,SN0223
224,Clive Kent,male,"27 Smith shoal,Whitemouth,B4 7ZJ",07/11/1990,c******k68@yahoo.com,173,89,30/03/2022,SN0224
225,Dennis Browne,male,"Flat 30,Christian vista,Port Maurice,M7 8YS",23/04/1970,d*******b@hotmail.com,162,73,23/12/2021,SN0225
226,Stanley Gray-Atkins,male,"48 Neil harbors,North Hazelton,N3 2GY",13/07/1957,s******gr@gmail.com,,66,29/01/2022,SN0226
227,Judith Harvey,female,"Flat 17s,Chloe shoal,Aimeefurt,CA49 4GJ",28/10/1978,j****ha47@hotmail.com,161,51,07/01/2022,SN0227
228,Dr Derek Johnson,male,"1 Linda mount,Jessicaberg,NE8H 3UD",24/04/1949,d*******d@yahoo.com,154,52,15/12/2021,SN0228
229,Carole Thompson-King,female,"21 Jones square,Bretthaven,RM47 5TS",06/11/1960,c*****t@gmail.com,179,102,21/03/2022,SN0229
230,Derek Miller,male,"673 Hilton field,Longmouth,WD31 2BP",01/03/1968,d*******m@hotmail.com,166,57,20/01/2022,SN0230
231,Mr Mohamed Collins,male,"7 Macdonald mountain,Normanside,DG23 4JG",13/10/2000,m*******m@gmail.com,168,50,07/01/2022,SN0231
232,Iain Elliott,male,"Flat 9,Tina street,East Stephanie,IP32 3YD",08/12/1950,i*****e@hotmail.com,159,60,07/12/2021,SN0232
233,Mohammad Ali,male,"Flat 97l,Jacqueline light,Stanleychester,SM4Y 4UF",24/06/1959,m*******al@hotmail.com,152,48,11/12/2021,SN0233
234,Philip Summers,male,"729 Melissa manor,Burgessborough,M7 1UQ",06/10/1987,p****su22@hotmail.com,164,64,14/01/2022,SN0234
235,Adrian King-Ferguson,male,"Flat 94,Barbara knolls,Brianfort,M18 5DU",24/04/1967,a******ki@yahoo.com,157,49,19/01/2022,SN0235
236,Joanne Reynolds,female,"7 Hunter stravenue,Nicholasburgh,N80 3GY",16/02/1997,j*******r@gmail.com,171,61,24/12/2021,SN0236
237,Dr Derek Walker,male,"01 Norris streets,Pearsonstad,E2 3XR",29/11/1995,d******d10@gmail.com,179,83,08/12/2021,SN0237
238,Miss Caroline Scott,female,"12 Todd squares,Tuckerchester,WF5N 3EQ",29/10/2001,m****c@yahoo.com,154,42,14/02/2022,SN0238
239,Marion Sharp,female,"2 Wendy greens,Annettestad,W9 4DH",16/03/1969,m******sh@gmail.com,179,60,25/02/2022,SN0239
240,Marian Parsons,male,"Flat 18W,Clarke run,North Kenneth,N6T 2EB",18/10/1950,m*****p2@yahoo.com,171,76,09/12/2021,SN0240
241,Colin Peacock-Pearson,male,"784 Thomas shores,South Graham,TR8 6RF",06/05/1984,c*****pe@yahoo.com,173,65,11/03/2022,SN0241
242,Paige Bennett,unknown,"Flat 98,Johnson groves,South Howardchester,GY7P 3ZA",26/04/1945,p******b16@yahoo.com,156,38,17/12/2021,SN0242
243,Dr Neil Hayward,male,"Flat 6,Davison spurs,Abdulstad,PR0 4WL",20/04/1977,d******ne@hotmail.com,185,88,17/01/2022,SN0243
244,Joanna Newton,female,"95 Patrick manors,Barretttown,S5 6BY",08/05/1965,j******n@yahoo.com,177,62,28/02/2022,SN0244
245,Miss Janet Thomas,female,"Studio 0,Nicholas viaduct,North Tracey,M8 1PF",15/04/1997,m******j16@yahoo.com,164,67,20/12/2021,SN0245
246,Elliot Little,male,"6 Akhtar estates,Stevenfort,PR87 9YU",01/03/1944,e*******l@gmail.com,184,88,26/12/2021,SN0246
247,Miss Victoria Stevens,female,"Flat 46,Gibbs trafficway,Amandashire,M6D 2WB",05/07/1977,m******vi77@yahoo.com,182,69,08/02/2022,SN0247
248,Sara Griffin,female,"0 Katie vista,Davieshaven,N3S 7FU",24/01/1991,s*******gr@hotmail.com,,64,15/12/2021,SN0248
249,Fiona Patel,female,"Studio 0,Patel pine,Mitchellside,G6 3QG",12/04/1952,f*****pa45@hotmail.com,158,57,21/03/2022,SN0249
